PHE_Centre,Local_Authority,Area_Code_GSS,Alcohol_dependent,Alcohol_lower_CI,Alcohol_upper_CI,Year
East Midlands,Derby,E06000015,3378,2538,4779,2017/18
East Midlands,Derbyshire,E10000007,8688,7156,10879,2017/18
East Midlands,Leicester,E06000016,4210,3309,5754,2017/18
East Midlands,Leicestershire,E10000018,5457,4134,7437,2017/18
East Midlands,Lincolnshire,E10000019,6916,5290,9448,2017/18
East Midlands,Northamptonshire,E10000021,6603,5195,8786,2017/18
East Midlands,Nottingham,E06000018,5014,3845,6937,2017/18
East Midlands,Nottinghamshire,E10000024,8349,6808,10762,2017/18
East Midlands,Rutland,E06000017,271,199,382,2017/18
East of England,Bedford,E06000055,1474,1175,1918,2017/18
East of England,Cambridgeshire,E10000003,5674,4437,7560,2017/18
East of England,Central Bedfordshire,E06000056,1942,1400,2778,2017/18
East of England,Essex,E10000012,12505,9586,16998,2017/18
East of England,Hertfordshire,E10000015,8637,6395,12054,2017/18
East of England,Luton,E06000032,2181,1745,2855,2017/18
East of England,Milton Keynes,E06000042,2200,1731,2895,2017/18
East of England,Norfolk,E10000020,8840,7069,11582,2017/18
East of England,Peterborough,E06000031,2405,1976,3047,2017/18
East of England,Southend-on-Sea,E06000033,2026,1672,2588,2017/18
East of England,Suffolk,E10000029,6609,5070,8941,2017/18
East of England,Thurrock,E06000034,1574,1187,2186,2017/18
London,Barking and Dagenham,E09000002,2202,1682,2984,2017/18
London,Barnet,E09000003,3046,2237,4284,2017/18
London,Bexley,E09000004,2096,1612,2822,2017/18
London,Brent,E09000005,3294,2456,4646,2017/18
London,Bromley,E09000006,2537,1890,3510,2017/18
London,Camden,E09000007,3261,2669,4360,2017/18
London,City of London,E09000001,74,57,100,2017/18
London,Croydon,E09000008,3351,2682,4470,2017/18
London,Ealing,E09000009,3409,2647,4578,2017/18
London,Enfield,E09000010,2826,2111,4002,2017/18
London,Greenwich,E09000011,2981,2230,4165,2017/18
London,Hackney,E09000012,3654,2777,5097,2017/18
London,Hammersmith and Fulham,E09000013,2524,2052,3354,2017/18
London,Haringey,E09000014,3055,2291,4266,2017/18
London,Harrow,E09000015,1674,1238,2387,2017/18
London,Havering,E09000016,2231,1676,3079,2017/18
London,Hillingdon,E09000017,2870,2283,3819,2017/18
London,Hounslow,E09000018,2605,2028,3509,2017/18
London,Islington,E09000019,3601,2904,4852,2017/18
London,Kensington and Chelsea,E09000020,1590,1215,2209,2017/18
London,Kingston upon Thames,E09000021,1435,1103,1964,2017/18
London,Lambeth,E09000022,4221,3310,5769,2017/18
London,Lewisham,E09000023,3314,2520,4537,2017/18
London,Merton,E09000024,1695,1340,2261,2017/18
London,Newham,E09000025,3687,2499,5580,2017/18
London,Redbridge,E09000026,2266,1648,3242,2017/18
London,Richmond upon Thames,E09000027,1327,952,1915,2017/18
London,Southwark,E09000028,3780,3027,5081,2017/18
London,Sutton,E09000029,1831,1465,2401,2017/18
London,Tower Hamlets,E09000030,3350,2405,4901,2017/18
London,Waltham Forest,E09000031,2935,2180,4089,2017/18
London,Wandsworth,E09000032,3662,2872,4906,2017/18
London,Westminster,E09000033,2689,2124,3609,2017/18
North East,County Durham,E06000047,6885,5607,8720,2017/18
North East,Darlington,E06000005,1344,1072,1718,2017/18
North East,Gateshead,E08000037,3227,2444,4403,2017/18
North East,Hartlepool,E06000001,1372,1025,1921,2017/18
North East,Middlesbrough,E06000002,2446,1567,3975,2017/18
North East,Newcastle upon Tyne,E08000021,4146,3311,5456,2017/18
North East,North Tyneside,E08000022,2551,2075,3238,2017/18
North East,Northumberland,E06000057,3224,2651,4095,2017/18
North East,Redcar and Cleveland,E06000003,1815,1434,2355,2017/18
North East,South Tyneside,E08000023,2399,1692,3533,2017/18
North East,Stockton-on-Tees,E06000004,2316,1875,2959,2017/18
North East,Sunderland,E08000024,4986,3334,7750,2017/18
North West,Blackburn with Darwen,E06000008,2357,1447,4112,2017/18
North West,Blackpool,E06000009,4188,1733,10195,2017/18
North West,Bolton,E08000001,3486,2797,4474,2017/18
North West,Bury,E08000002,2152,1775,2699,2017/18
North West,Cheshire East,E06000049,3412,2754,4355,2017/18
North West,Cheshire West and Chester,E06000050,3568,2883,4522,2017/18
North West,Cumbria,E10000006,5373,4382,6804,2017/18
North West,Halton,E06000006,2001,1444,2902,2017/18
North West,Knowsley,E08000011,2315,1688,3287,2017/18
North West,Lancashire,E10000017,14048,11502,17688,2017/18
North West,Liverpool,E08000012,9555,6534,14840,2017/18
North West,Manchester,E08000003,8321,6394,11682,2017/18
North West,Oldham,E08000004,2865,2273,3805,2017/18
North West,Rochdale,E08000005,2994,2308,4033,2017/18
North West,Salford,E08000006,4156,3148,5836,2017/18
North West,Sefton,E08000014,3882,2818,5679,2017/18
North West,St. Helens,E08000013,2702,2019,3728,2017/18
North West,Stockport,E08000007,3037,2505,3816,2017/18
North West,Tameside,E08000008,3214,2525,4222,2017/18
North West,Trafford,E08000009,2149,1764,2713,2017/18
North West,Warrington,E06000007,2236,1830,2814,2017/18
North West,Wigan,E08000010,4207,3412,5303,2017/18
North West,Wirral,E08000015,5033,3318,7850,2017/18
South East,Bracknell Forest,E06000036,850,625,1198,2017/18
South East,Brighton and Hove,E06000043,4066,3287,5277,2017/18
South East,Buckinghamshire,E10000002,3473,2497,4931,2017/18
South East,East Sussex,E10000011,5224,4129,6921,2017/18
South East,Hampshire,E10000014,10469,8074,14090,2017/18
South East,Isle of Wight,E06000046,1487,1184,1937,2017/18
South East,Kent,E10000016,14133,10936,19142,2017/18
South East,Medway,E06000035,2920,2313,3849,2017/18
South East,Oxfordshire,E10000025,5478,4159,7546,2017/18
South East,Portsmouth,E06000044,3360,2610,4620,2017/18
South East,Reading,E06000038,1930,1561,2490,2017/18
South East,Slough,E06000039,1435,1097,1962,2017/18
South East,Southampton,E06000045,4050,3108,5741,2017/18
South East,Surrey,E10000030,8073,5931,11082,2017/18
South East,West Berkshire,E06000037,1207,902,1652,2017/18
South East,West Sussex,E10000032,7071,5557,9349,2017/18
South East,Windsor and Maidenhead,E06000040,991,724,1362,2017/18
South East,Wokingham,E06000041,828,538,1326,2017/18
South West,Bath and North East Somerset,E06000022,1815,1441,2418,2017/18
South West,Bournemouth,E06000028,2644,2146,3352,2017/18
South West,"Bristol, City of",E06000023,6677,5302,8792,2017/18
South West,Cornwall,E06000052,6778,5477,8576,2017/18
South West,Devon,E10000008,7171,5476,9884,2017/18
South West,Dorset,E10000009,3335,2523,4571,2017/18
South West,Gloucestershire,E10000013,5367,4227,7148,2017/18
South West,North Somerset,E06000024,1724,1332,2312,2017/18
South West,Plymouth,E06000026,3435,2804,4402,2017/18
South West,Poole,E06000029,1417,1124,1876,2017/18
South West,Somerset,E10000027,5194,4094,6823,2017/18
South West,South Gloucestershire,E06000025,2193,1673,2991,2017/18
South West,Swindon,E06000030,2110,1702,2679,2017/18
South West,Torbay,E06000027,1675,1346,2116,2017/18
South West,Wiltshire,E06000054,3902,2975,5275,2017/18
West Midlands,Birmingham,E08000025,12667,10049,16871,2017/18
West Midlands,Coventry,E08000026,4946,3952,6546,2017/18
West Midlands,Dudley,E08000027,3617,2990,4543,2017/18
West Midlands,"Herefordshire, County of",E06000019,1713,1265,2424,2017/18
West Midlands,Sandwell,E08000028,4284,3293,5750,2017/18
West Midlands,Shropshire,E06000051,2815,2110,3916,2017/18
West Midlands,Solihull,E08000029,1812,1439,2345,2017/18
West Midlands,Staffordshire,E10000028,8136,6299,10875,2017/18
West Midlands,Stoke-on-Trent,E06000021,3509,2774,4533,2017/18
West Midlands,Telford and Wrekin,E06000020,1953,1581,2548,2017/18
West Midlands,Walsall,E08000030,3559,2780,4691,2017/18
West Midlands,Warwickshire,E10000031,5028,3958,6617,2017/18
West Midlands,Wolverhampton,E08000031,3375,2596,4526,2017/18
West Midlands,Worcestershire,E10000034,5156,3960,6956,2017/18
Yorkshire & the Humber,Barnsley,E08000016,3551,2801,4592,2017/18
Yorkshire & the Humber,Bradford,E08000032,5958,4729,7780,2017/18
Yorkshire & the Humber,Calderdale,E08000033,2288,1887,2898,2017/18
Yorkshire & the Humber,Doncaster,E08000017,4069,3313,5172,2017/18
Yorkshire & the Humber,East Riding of Yorkshire,E06000011,2936,2348,3805,2017/18
Yorkshire & the Humber,"Kingston upon Hull, City of",E06000010,4411,3273,6172,2017/18
Yorkshire & the Humber,Kirklees,E08000034,4656,3816,5926,2017/18
Yorkshire & the Humber,Leeds,E08000035,9870,8032,12611,2017/18
Yorkshire & the Humber,North East Lincolnshire,E06000012,1987,1605,2529,2017/18
Yorkshire & the Humber,North Lincolnshire,E06000013,1746,1384,2299,2017/18
Yorkshire & the Humber,North Yorkshire,E10000023,5286,4168,6930,2017/18
Yorkshire & the Humber,Rotherham,E08000018,3444,2796,4356,2017/18
Yorkshire & the Humber,Sheffield,E08000019,6818,5588,8689,2017/18
Yorkshire & the Humber,Wakefield,E08000036,4312,3545,5410,2017/18
Yorkshire & the Humber,York,E06000014,2408,1918,3206,2017/18
England,England,E92000001,586780,485444,742305,2017/18
East Midlands,Derby,E06000015,3295,2549,4517,2016/17
East Midlands,Derbyshire,E10000007,8667,7009,10919,2016/17
East Midlands,Leicester,E06000016,4284,3246,6007,2016/17
East Midlands,Leicestershire,E10000018,5488,4230,7355,2016/17
East Midlands,Lincolnshire,E10000019,6746,5037,9063,2016/17
East Midlands,Northamptonshire,E10000021,6868,5486,8768,2016/17
East Midlands,Nottingham,E06000018,4615,3596,6149,2016/17
East Midlands,Nottinghamshire,E10000024,8298,6634,10496,2016/17
East Midlands,Rutland,E06000017,239,165,361,2016/17
East of England,Bedford,E06000055,1546,1253,1984,2016/17
East of England,Cambridgeshire,E10000003,5610,4319,7489,2016/17
East of England,Central Bedfordshire,E06000056,1993,1459,2822,2016/17
East of England,Essex,E10000012,12299,9346,16537,2016/17
East of England,Hertfordshire,E10000015,8668,6457,12005,2016/17
East of England,Luton,E06000032,2174,1722,2916,2016/17
East of England,Milton Keynes,E06000042,2045,1540,2832,2016/17
East of England,Norfolk,E10000020,9009,7165,11470,2016/17
East of England,Peterborough,E06000031,2380,1936,3014,2016/17
East of England,Southend-on-Sea,E06000033,1863,1442,2414,2016/17
East of England,Suffolk,E10000029,6510,4991,8614,2016/17
East of England,Thurrock,E06000034,1458,1041,2082,2016/17
London and integrated region and centre,Barking and Dagenham,E09000002,2066,1540,2811,2016/17
London and integrated region and centre,Barnet,E09000003,3055,2239,4300,2016/17
London and integrated region and centre,Bexley,E09000004,1992,1484,2756,2016/17
London and integrated region and centre,Brent,E09000005,3169,2370,4644,2016/17
London and integrated region and centre,Bromley,E09000006,2519,1875,3502,2016/17
London and integrated region and centre,Camden,E09000007,3054,2482,4026,2016/17
London and integrated region and centre,City of London,E09000001,94,67,135,2016/17
London and integrated region and centre,Croydon,E09000008,3402,2698,4620,2016/17
London and integrated region and centre,Ealing,E09000009,3387,2660,4653,2016/17
London and integrated region and centre,Enfield,E09000010,2836,2098,3998,2016/17
London and integrated region and centre,Greenwich,E09000011,3019,2262,4114,2016/17
London and integrated region and centre,Hackney,E09000012,3726,2865,5181,2016/17
London and integrated region and centre,Hammersmith and Fulham,E09000013,2428,1967,3213,2016/17
London and integrated region and centre,Haringey,E09000014,3316,2516,4495,2016/17
London and integrated region and centre,Harrow,E09000015,1583,1133,2357,2016/17
London and integrated region and centre,Havering,E09000016,2203,1649,3018,2016/17
London and integrated region and centre,Hillingdon,E09000017,2782,2172,3746,2016/17
London and integrated region and centre,Hounslow,E09000018,2620,2021,3631,2016/17
London and integrated region and centre,Islington,E09000019,3704,2945,5057,2016/17
London and integrated region and centre,Kensington and Chelsea,E09000020,1694,1317,2259,2016/17
London and integrated region and centre,Kingston upon Thames,E09000021,1409,1062,1971,2016/17
London and integrated region and centre,Lambeth,E09000022,4322,3344,5932,2016/17
London and integrated region and centre,Lewisham,E09000023,3202,2346,4529,2016/17
London and integrated region and centre,Merton,E09000024,1674,1306,2265,2016/17
London and integrated region and centre,Newham,E09000025,3513,2437,5486,2016/17
London and integrated region and centre,Redbridge,E09000026,2181,1575,3243,2016/17
London and integrated region and centre,Richmond upon Thames,E09000027,1393,1021,2001,2016/17
London and integrated region and centre,Southwark,E09000028,3729,2898,5090,2016/17
London and integrated region and centre,Sutton,E09000029,1862,1499,2405,2016/17
London and integrated region and centre,Tower Hamlets,E09000030,3467,2547,5036,2016/17
London and integrated region and centre,Waltham Forest,E09000031,3116,2375,4255,2016/17
London and integrated region and centre,Wandsworth,E09000032,3589,2797,4786,2016/17
London and integrated region and centre,Westminster,E09000033,2744,2096,3718,2016/17
North East,County Durham,E06000047,7174,5729,9234,2016/17
North East,Darlington,E06000005,1450,1108,1989,2016/17
North East,Gateshead,E08000037,3152,2420,4246,2016/17
North East,Hartlepool,E06000001,1281,998,1690,2016/17
North East,Middlesbrough,E06000002,2396,1597,3853,2016/17
North East,Newcastle upon Tyne,E08000021,4148,3284,5359,2016/17
North East,North Tyneside,E08000022,2403,1963,2999,2016/17
North East,Northumberland,E06000057,3165,2545,3992,2016/17
North East,Redcar and Cleveland,E06000003,1877,1458,2528,2016/17
North East,South Tyneside,E08000023,2413,1737,3586,2016/17
North East,Stockton-on-Tees,E06000004,2261,1817,2885,2016/17
North East,Sunderland,E08000024,5198,3384,8382,2016/17
North West,Blackburn with Darwen,E06000008,2459,1448,4416,2016/17
North West,Blackpool,E06000009,4349,1685,10592,2016/17
North West,Bolton,E08000001,3597,2833,4707,2016/17
North West,Bury,E08000002,2031,1662,2538,2016/17
North West,Cheshire East,E06000049,3403,2733,4401,2016/17
North West,Cheshire West and Chester,E06000050,3612,2917,4638,2016/17
North West,Cumbria,E10000006,5675,4623,7104,2016/17
North West,Halton,E06000006,2048,1455,3000,2016/17
North West,Knowsley,E08000011,2343,1716,3395,2016/17
North West,Lancashire,E10000017,14432,11604,18461,2016/17
North West,Liverpool,E08000012,9703,6544,15733,2016/17
North West,Manchester,E08000003,8200,6289,11190,2016/17
North West,Oldham,E08000004,2902,2257,3881,2016/17
North West,Rochdale,E08000005,2975,2300,4025,2016/17
North West,Salford,E08000006,3911,3038,5201,2016/17
North West,Sefton,E08000014,4364,2881,7134,2016/17
North West,St. Helens,E08000013,2808,2054,4069,2016/17
North West,Stockport,E08000007,3195,2578,4097,2016/17
North West,Tameside,E08000008,3428,2600,4739,2016/17
North West,Trafford,E08000009,2219,1804,2858,2016/17
North West,Warrington,E06000007,2300,1884,2926,2016/17
North West,Wigan,E08000010,4194,3412,5264,2016/17
North West,Wirral,E08000015,4862,3367,7535,2016/17
South East,Bracknell Forest,E06000036,888,670,1213,2016/17
South East,Brighton and Hove,E06000043,4341,3476,5563,2016/17
South East,Buckinghamshire,E10000002,3474,2500,5020,2016/17
South East,East Sussex,E10000011,5005,3810,6626,2016/17
South East,Hampshire,E10000014,10060,7598,13786,2016/17
South East,Isle of Wight,E06000046,1553,1233,1993,2016/17
South East,Kent,E10000016,13902,10537,18599,2016/17
South East,Medway,E06000035,2825,2145,3759,2016/17
South East,Oxfordshire,E10000025,5531,4216,7457,2016/17
South East,Portsmouth,E06000044,3295,2586,4404,2016/17
South East,Reading,E06000038,1872,1500,2419,2016/17
South East,Slough,E06000039,1465,1134,2058,2016/17
South East,Southampton,E06000045,3734,2969,4886,2016/17
South East,Surrey,E10000030,8002,5949,11218,2016/17
South East,West Berkshire,E06000037,1142,844,1610,2016/17
South East,West Sussex,E10000032,7096,5543,9296,2016/17
South East,Windsor and Maidenhead,E06000040,932,675,1342,2016/17
South East,Wokingham,E06000041,816,541,1287,2016/17
South West,Bath and North East Somerset,E06000022,1732,1373,2271,2016/17
South West,Bournemouth,E06000028,2850,2285,3664,2016/17
South West,"Bristol, City of",E06000023,6592,5220,8638,2016/17
South West,Cornwall & Isles of Scilly,E06000052,6775,5412,8648,2016/17
South West,Devon,E10000008,7318,5633,9667,2016/17
South West,Dorset,E10000009,3420,2621,4553,2016/17
South West,Gloucestershire,E10000013,5297,4085,6991,2016/17
South West,North Somerset,E06000024,1739,1350,2314,2016/17
South West,Plymouth,E06000026,3685,2977,4665,2016/17
South West,Poole,E06000029,1448,1136,1874,2016/17
South West,Somerset,E10000027,5051,3903,6586,2016/17
South West,South Gloucestershire,E06000025,2202,1674,2981,2016/17
South West,Swindon,E06000030,2053,1656,2628,2016/17
South West,Torbay,E06000027,1651,1330,2104,2016/17
South West,Wiltshire,E06000054,3892,3002,5197,2016/17
West Midlands,Birmingham,E08000025,13295,10205,18148,2016/17
West Midlands,Coventry,E08000026,4706,3725,6163,2016/17
West Midlands,Dudley,E08000027,3996,3173,5191,2016/17
West Midlands,"Herefordshire, County of",E06000019,1716,1258,2371,2016/17
West Midlands,Sandwell,E08000028,4421,3349,6040,2016/17
West Midlands,Shropshire,E06000051,2792,2087,3815,2016/17
West Midlands,Solihull,E08000029,1783,1423,2298,2016/17
West Midlands,Staffordshire,E10000028,8721,6984,11096,2016/17
West Midlands,Stoke-on-Trent,E06000021,3707,2866,4918,2016/17
West Midlands,Telford and Wrekin,E06000020,1937,1541,2442,2016/17
West Midlands,Walsall,E08000030,3360,2670,4335,2016/17
West Midlands,Warwickshire,E10000031,5007,3959,6480,2016/17
West Midlands,Wolverhampton,E08000031,3565,2647,5117,2016/17
West Midlands,Worcestershire,E10000034,5231,4037,6849,2016/17
Yorkshire & the Humber,Barnsley,E08000016,3458,2750,4434,2016/17
Yorkshire & the Humber,Bradford,E08000032,5878,4691,7790,2016/17
Yorkshire & the Humber,Calderdale,E08000033,2226,1780,2817,2016/17
Yorkshire & the Humber,Doncaster,E08000017,4313,3446,5523,2016/17
Yorkshire & the Humber,East Riding of Yorkshire,E06000011,3011,2424,3867,2016/17
Yorkshire & the Humber,"Kingston upon Hull, City of",E06000010,4663,3358,6884,2016/17
Yorkshire & the Humber,Kirklees,E08000034,4656,3768,5914,2016/17
Yorkshire & the Humber,Leeds,E08000035,10308,8211,13369,2016/17
Yorkshire & the Humber,North East Lincolnshire,E06000012,1936,1560,2433,2016/17
Yorkshire & the Humber,North Lincolnshire,E06000013,1888,1517,2362,2016/17
Yorkshire & the Humber,North Yorkshire,E10000023,5284,4197,6844,2016/17
Yorkshire & the Humber,Rotherham,E08000018,3561,2841,4584,2016/17
Yorkshire & the Humber,Sheffield,E08000019,6816,5486,8745,2016/17
Yorkshire & the Humber,Wakefield,E08000036,3985,3215,5015,2016/17
Yorkshire & the Humber,York,E06000014,2406,1887,3195,2016/17
England,England,E92000001,589101,481965,744996,2016/17
East Midlands,Derby,E06000015,3239,2517,4419,2015/16
East Midlands,Derbyshire,E10000007,8466,6936,10755,2015/16
East Midlands,Leicester,E06000016,4295,3272,6090,2015/16
East Midlands,Leicestershire,E10000018,5460,4195,7399,2015/16
East Midlands,Lincolnshire,E10000019,6723,5093,9281,2015/16
East Midlands,Northamptonshire,E10000021,6381,4977,8679,2015/16
East Midlands,Nottingham,E06000018,5350,3786,8194,2015/16
East Midlands,Nottinghamshire,E10000024,8462,6906,10770,2015/16
East Midlands,Rutland,E06000017,256,189,372,2015/16
East of England,Bedford,E06000055,1685,1372,2136,2015/16
East of England,Cambridgeshire,E10000003,5769,4563,7652,2015/16
East of England,Central Bedfordshire,E06000056,2054,1554,2857,2015/16
East of England,Essex,E10000012,12236,9316,16854,2015/16
East of England,Hertfordshire,E10000015,8687,6475,12240,2015/16
East of England,Luton,E06000032,2356,1865,3140,2015/16
East of England,Milton Keynes,E06000042,2080,1596,2839,2015/16
East of England,Norfolk,E10000020,8943,7258,11590,2015/16
East of England,Peterborough,E06000031,2665,2105,3549,2015/16
East of England,Southend-on-Sea,E06000033,1955,1603,2526,2015/16
East of England,Suffolk,E10000029,6574,5088,8909,2015/16
East of England,Thurrock,E06000034,1464,1053,2114,2015/16
London and integrated region and centre,Barking and Dagenham,E09000002,2091,1598,2811,2015/16
London and integrated region and centre,Barnet,E09000003,3029,2253,4288,2015/16
London and integrated region and centre,Bexley,E09000004,2002,1522,2794,2015/16
London and integrated region and centre,Brent,E09000005,3236,2443,4582,2015/16
London and integrated region and centre,Bromley,E09000006,2586,1965,3545,2015/16
London and integrated region and centre,Camden,E09000007,3189,2600,4209,2015/16
London and integrated region and centre,City of London,E09000001,100,77,135,2015/16
London and integrated region and centre,Croydon,E09000008,3491,2800,4604,2015/16
London and integrated region and centre,Ealing,E09000009,3488,2729,4635,2015/16
London and integrated region and centre,Enfield,E09000010,2795,2072,3914,2015/16
London and integrated region and centre,Greenwich,E09000011,3047,2351,4113,2015/16
London and integrated region and centre,Hackney,E09000012,3623,2740,5027,2015/16
London and integrated region and centre,Hammersmith and Fulham,E09000013,2451,1989,3214,2015/16
London and integrated region and centre,Haringey,E09000014,3256,2476,4433,2015/16
London and integrated region and centre,Harrow,E09000015,1596,1159,2323,2015/16
London and integrated region and centre,Havering,E09000016,2257,1737,3058,2015/16
London and integrated region and centre,Hillingdon,E09000017,2801,2225,3694,2015/16
London and integrated region and centre,Hounslow,E09000018,2620,2052,3523,2015/16
London and integrated region and centre,Islington,E09000019,3705,2959,5054,2015/16
London and integrated region and centre,Kensington and Chelsea,E09000020,1680,1298,2277,2015/16
London and integrated region and centre,Kingston upon Thames,E09000021,1397,1060,1973,2015/16
London and integrated region and centre,Lambeth,E09000022,4557,3644,6118,2015/16
London and integrated region and centre,Lewisham,E09000023,3339,2591,4560,2015/16
London and integrated region and centre,Merton,E09000024,1813,1451,2380,2015/16
London and integrated region and centre,Newham,E09000025,3516,2446,5282,2015/16
London and integrated region and centre,Redbridge,E09000026,2146,1555,3131,2015/16
London and integrated region and centre,Richmond upon Thames,E09000027,1396,1013,1998,2015/16
London and integrated region and centre,Southwark,E09000028,3770,2997,5065,2015/16
London and integrated region and centre,Sutton,E09000029,2111,1691,2726,2015/16
London and integrated region and centre,Tower Hamlets,E09000030,3551,2661,5016,2015/16
London and integrated region and centre,Waltham Forest,E09000031,2915,2179,4090,2015/16
London and integrated region and centre,Wandsworth,E09000032,3792,3072,4975,2015/16
London and integrated region and centre,Westminster,E09000033,2773,2229,3690,2015/16
North East,County Durham,E06000047,6789,5530,8696,2015/16
North East,Darlington,E06000005,1420,1114,1927,2015/16
North East,Gateshead,E08000037,3080,2412,4127,2015/16
North East,Hartlepool,E06000001,1178,937,1522,2015/16
North East,Middlesbrough,E06000002,2379,1551,3689,2015/16
North East,Newcastle upon Tyne,E08000021,4053,3277,5302,2015/16
North East,North Tyneside,E08000022,2384,1948,3022,2015/16
North East,Northumberland,E06000057,3297,2709,4174,2015/16
North East,Redcar and Cleveland,E06000003,1775,1425,2301,2015/16
North East,South Tyneside,E08000023,2439,1699,3642,2015/16
North East,Stockton-on-Tees,E06000004,2027,1617,2616,2015/16
North East,Sunderland,E08000024,4743,3361,6975,2015/16
North West,Blackburn with Darwen,E06000008,2478,1409,4375,2015/16
North West,Blackpool,E06000009,4355,1597,10177,2015/16
North West,Bolton,E08000001,3736,2913,5052,2015/16
North West,Bury,E08000002,2022,1667,2569,2015/16
North West,Cheshire East,E06000049,3636,2899,4739,2015/16
North West,Cheshire West and Chester,E06000050,3661,2977,4725,2015/16
North West,Cumbria,E10000006,5571,4588,7028,2015/16
North West,Halton,E06000006,1962,1445,2770,2015/16
North West,Knowsley,E08000011,2838,1700,4835,2015/16
North West,Lancashire,E10000017,14340,11716,18417,2015/16
North West,Liverpool,E08000012,10925,6336,19671,2015/16
North West,Manchester,E08000003,8688,6426,12677,2015/16
North West,Oldham,E08000004,3015,2301,4250,2015/16
North West,Rochdale,E08000005,2958,2326,3976,2015/16
North West,Salford,E08000006,4331,3086,6386,2015/16
North West,Sefton,E08000014,4516,2861,7529,2015/16
North West,St. Helens,E08000013,3090,2039,4825,2015/16
North West,Stockport,E08000007,3332,2679,4367,2015/16
North West,Tameside,E08000008,3698,2611,5565,2015/16
North West,Trafford,E08000009,2128,1746,2730,2015/16
North West,Warrington,E06000007,2286,1873,2910,2015/16
North West,Wigan,E08000010,4242,3441,5397,2015/16
North West,Wirral,E08000015,5148,3302,8322,2015/16
South East,Bracknell Forest,E06000036,834,609,1201,2015/16
South East,Brighton and Hove,E06000043,4441,3566,5745,2015/16
South East,Buckinghamshire,E10000002,3451,2491,5034,2015/16
South East,East Sussex,E10000011,5145,4040,6829,2015/16
South East,Hampshire,E10000014,10076,7593,14022,2015/16
South East,Isle of Wight,E06000046,1545,1246,1962,2015/16
South East,Kent,E10000016,13999,10896,18756,2015/16
South East,Medway,E06000035,2976,2378,3929,2015/16
South East,Oxfordshire,E10000025,5477,4149,7630,2015/16
South East,Portsmouth,E06000044,3218,2560,4291,2015/16
South East,Reading,E06000038,1802,1452,2370,2015/16
South East,Slough,E06000039,1509,1171,2067,2015/16
South East,Southampton,E06000045,3709,2989,4894,2015/16
South East,Surrey,E10000030,7966,5953,11308,2015/16
South East,West Berkshire,E06000037,1141,840,1622,2015/16
South East,West Sussex,E10000032,7276,5852,9451,2015/16
South East,Windsor and Maidenhead,E06000040,988,730,1383,2015/16
South East,Wokingham,E06000041,803,523,1303,2015/16
South West,Bath and North East Somerset,E06000022,1783,1441,2378,2015/16
South West,Bournemouth,E06000028,2976,2343,3989,2015/16
South West,"Bristol, City of",E06000023,6771,5289,9186,2015/16
South West,Cornwall & Isles of Scilly,E06000052,6659,5356,8479,2015/16
South West,Devon,E10000008,7198,5558,9820,2015/16
South West,Dorset,E10000009,3367,2560,4610,2015/16
South West,Gloucestershire,E10000013,5478,4374,7158,2015/16
South West,North Somerset,E06000024,1824,1460,2375,2015/16
South West,Plymouth,E06000026,3455,2813,4438,2015/16
South West,Poole,E06000029,1434,1138,1911,2015/16
South West,Somerset,E10000027,4789,3614,6621,2015/16
South West,South Gloucestershire,E06000025,2207,1709,3021,2015/16
South West,Swindon,E06000030,1925,1505,2570,2015/16
South West,Torbay,E06000027,1660,1342,2116,2015/16
South West,Wiltshire,E06000054,3994,3119,5342,2015/16
West Midlands,Birmingham,E08000025,13907,10547,19238,2015/16
West Midlands,Coventry,E08000026,4767,3773,6357,2015/16
West Midlands,Dudley,E08000027,4211,3288,5717,2015/16
West Midlands,"Herefordshire, County of",E06000019,1654,1198,2393,2015/16
West Midlands,Sandwell,E08000028,4655,3399,6646,2015/16
West Midlands,Shropshire,E06000051,2806,2120,3905,2015/16
West Midlands,Solihull,E08000029,1899,1532,2468,2015/16
West Midlands,Staffordshire,E10000028,8708,7084,11227,2015/16
West Midlands,Stoke-on-Trent,E06000021,4086,2910,5855,2015/16
West Midlands,Telford and Wrekin,E06000020,1979,1618,2531,2015/16
West Midlands,Walsall,E08000030,3451,2746,4526,2015/16
West Midlands,Warwickshire,E10000031,5053,4044,6570,2015/16
West Midlands,Wolverhampton,E08000031,3650,2650,5333,2015/16
West Midlands,Worcestershire,E10000034,5485,4428,7073,2015/16
Yorkshire & the Humber,Barnsley,E08000016,3597,2844,4846,2015/16
Yorkshire & the Humber,Bradford,E08000032,5928,4741,7728,2015/16
Yorkshire & the Humber,Calderdale,E08000033,2263,1845,2914,2015/16
Yorkshire & the Humber,Doncaster,E08000017,4142,3334,5294,2015/16
Yorkshire & the Humber,East Riding of Yorkshire,E06000011,2924,2317,3829,2015/16
Yorkshire & the Humber,"Kingston upon Hull, City of",E06000010,4162,3246,5583,2015/16
Yorkshire & the Humber,Kirklees,E08000034,4471,3600,5773,2015/16
Yorkshire & the Humber,Leeds,E08000035,10244,8253,13435,2015/16
Yorkshire & the Humber,North East Lincolnshire,E06000012,1988,1608,2539,2015/16
Yorkshire & the Humber,North Lincolnshire,E06000013,1764,1387,2313,2015/16
Yorkshire & the Humber,North Yorkshire,E10000023,5457,4409,7086,2015/16
Yorkshire & the Humber,Rotherham,E08000018,3503,2840,4534,2015/16
Yorkshire & the Humber,Sheffield,E08000019,6963,5693,8852,2015/16
Yorkshire & the Humber,Wakefield,E08000036,4154,3397,5278,2015/16
Yorkshire & the Humber,York,E06000014,2373,1888,3195,2015/16
England,England,E92000001,595856,494921,760656,2015/16
NA,Barking and Dagenham,E09000002,2073,NA,NA,2010
NA,Barking and Dagenham,E09000002,2073,NA,NA,2011
NA,Barking and Dagenham,E09000002,2061,NA,NA,2012
NA,Barking and Dagenham,E09000002,2122,NA,NA,2013
NA,Barking and Dagenham,E09000002,2125,NA,NA,2014
NA,Barnet,E09000003,3042,NA,NA,2010
NA,Barnet,E09000003,3057,NA,NA,2011
NA,Barnet,E09000003,3040,NA,NA,2012
NA,Barnet,E09000003,3095,NA,NA,2013
NA,Barnet,E09000003,3114,NA,NA,2014
NA,Barnsley,E08000016,3454,NA,NA,2010
NA,Barnsley,E08000016,3472,NA,NA,2011
NA,Barnsley,E08000016,3475,NA,NA,2012
NA,Barnsley,E08000016,3549,NA,NA,2013
NA,Barnsley,E08000016,3555,NA,NA,2014
NA,Bath and North East Somerset,E06000022,1667,NA,NA,2010
NA,Bath and North East Somerset,E06000022,1667,NA,NA,2011
NA,Bath and North East Somerset,E06000022,1682,NA,NA,2012
NA,Bath and North East Somerset,E06000022,1732,NA,NA,2013
NA,Bath and North East Somerset,E06000022,1719,NA,NA,2014
NA,Bedford,E06000055,1434,NA,NA,2010
NA,Bedford,E06000055,1431,NA,NA,2011
NA,Bedford,E06000055,1435,NA,NA,2012
NA,Bedford,E06000055,1455,NA,NA,2013
NA,Bedford,E06000055,1443,NA,NA,2014
NA,Bexley,E09000004,2010,NA,NA,2010
NA,Bexley,E09000004,2017,NA,NA,2011
NA,Bexley,E09000004,2016,NA,NA,2012
NA,Bexley,E09000004,2023,NA,NA,2013
NA,Bexley,E09000004,2027,NA,NA,2014
NA,Birmingham,E08000025,13177,NA,NA,2010
NA,Birmingham,E08000025,13113,NA,NA,2011
NA,Birmingham,E08000025,13086,NA,NA,2012
NA,Birmingham,E08000025,13619,NA,NA,2013
NA,Birmingham,E08000025,13603,NA,NA,2014
NA,Blackburn with Darwen,E06000008,2452,NA,NA,2010
NA,Blackburn with Darwen,E06000008,2445,NA,NA,2011
NA,Blackburn with Darwen,E06000008,2420,NA,NA,2012
NA,Blackburn with Darwen,E06000008,2604,NA,NA,2013
NA,Blackburn with Darwen,E06000008,2628,NA,NA,2014
NA,Blackpool,E06000009,4006,NA,NA,2010
NA,Blackpool,E06000009,3958,NA,NA,2011
NA,Blackpool,E06000009,3991,NA,NA,2012
NA,Blackpool,E06000009,4269,NA,NA,2013
NA,Blackpool,E06000009,4305,NA,NA,2014
NA,Bolton,E08000001,3662,NA,NA,2010
NA,Bolton,E08000001,3649,NA,NA,2011
NA,Bolton,E08000001,3617,NA,NA,2012
NA,Bolton,E08000001,3811,NA,NA,2013
NA,Bolton,E08000001,3768,NA,NA,2014
NA,Bournemouth,E06000028,2987,NA,NA,2010
NA,Bournemouth,E06000028,2949,NA,NA,2011
NA,Bournemouth,E06000028,2946,NA,NA,2012
NA,Bournemouth,E06000028,2986,NA,NA,2013
NA,Bournemouth,E06000028,2988,NA,NA,2014
NA,Bracknell Forest,E06000036,791,NA,NA,2010
NA,Bracknell Forest,E06000036,798,NA,NA,2011
NA,Bracknell Forest,E06000036,795,NA,NA,2012
NA,Bracknell Forest,E06000036,810,NA,NA,2013
NA,Bracknell Forest,E06000036,809,NA,NA,2014
NA,Bradford,E08000032,6009,NA,NA,2010
NA,Bradford,E08000032,6005,NA,NA,2011
NA,Bradford,E08000032,5989,NA,NA,2012
NA,Bradford,E08000032,6281,NA,NA,2013
NA,Bradford,E08000032,6275,NA,NA,2014
NA,Brent,E09000005,3142,NA,NA,2010
NA,Brent,E09000005,3103,NA,NA,2011
NA,Brent,E09000005,3127,NA,NA,2012
NA,Brent,E09000005,3227,NA,NA,2013
NA,Brent,E09000005,3181,NA,NA,2014
NA,Brighton and Hove,E06000043,4372,NA,NA,2010
NA,Brighton and Hove,E06000043,4420,NA,NA,2011
NA,Brighton and Hove,E06000043,4373,NA,NA,2012
NA,Brighton and Hove,E06000043,4513,NA,NA,2013
NA,Brighton and Hove,E06000043,4455,NA,NA,2014
NA,"Bristol, City of",E06000023,6420,NA,NA,2010
NA,"Bristol, City of",E06000023,6358,NA,NA,2011
NA,"Bristol, City of",E06000023,6311,NA,NA,2012
NA,"Bristol, City of",E06000023,6611,NA,NA,2013
NA,"Bristol, City of",E06000023,6572,NA,NA,2014
NA,Bromley,E09000006,2513,NA,NA,2010
NA,Bromley,E09000006,2505,NA,NA,2011
NA,Bromley,E09000006,2498,NA,NA,2012
NA,Bromley,E09000006,2537,NA,NA,2013
NA,Bromley,E09000006,2528,NA,NA,2014
NA,Buckinghamshire,E10000002,3420,NA,NA,2010
NA,Buckinghamshire,E10000002,3411,NA,NA,2011
NA,Buckinghamshire,E10000002,3412,NA,NA,2012
NA,Buckinghamshire,E10000002,3452,NA,NA,2013
NA,Buckinghamshire,E10000002,3488,NA,NA,2014
NA,Bury,E08000002,2104,NA,NA,2010
NA,Bury,E08000002,2104,NA,NA,2011
NA,Bury,E08000002,2096,NA,NA,2012
NA,Bury,E08000002,2160,NA,NA,2013
NA,Bury,E08000002,2147,NA,NA,2014
NA,Calderdale,E08000033,2235,NA,NA,2010
NA,Calderdale,E08000033,2234,NA,NA,2011
NA,Calderdale,E08000033,2219,NA,NA,2012
NA,Calderdale,E08000033,2273,NA,NA,2013
NA,Calderdale,E08000033,2253,NA,NA,2014
NA,Cambridgeshire,E10000003,5494,NA,NA,2010
NA,Cambridgeshire,E10000003,5483,NA,NA,2011
NA,Cambridgeshire,E10000003,5488,NA,NA,2012
NA,Cambridgeshire,E10000003,5595,NA,NA,2013
NA,Cambridgeshire,E10000003,5578,NA,NA,2014
NA,Camden,E09000007,3195,NA,NA,2010
NA,Camden,E09000007,3187,NA,NA,2011
NA,Camden,E09000007,3171,NA,NA,2012
NA,Camden,E09000007,3297,NA,NA,2013
NA,Camden,E09000007,3277,NA,NA,2014
NA,Central Bedfordshire,E06000056,1930,NA,NA,2010
NA,Central Bedfordshire,E06000056,1930,NA,NA,2011
NA,Central Bedfordshire,E06000056,1937,NA,NA,2012
NA,Central Bedfordshire,E06000056,1953,NA,NA,2013
NA,Central Bedfordshire,E06000056,1966,NA,NA,2014
NA,Cheshire East,E06000049,3360,NA,NA,2010
NA,Cheshire East,E06000049,3358,NA,NA,2011
NA,Cheshire East,E06000049,3338,NA,NA,2012
NA,Cheshire East,E06000049,3421,NA,NA,2013
NA,Cheshire East,E06000049,3427,NA,NA,2014
NA,Cheshire West and Chester,E06000050,3360,NA,NA,2010
NA,Cheshire West and Chester,E06000050,3368,NA,NA,2011
NA,Cheshire West and Chester,E06000050,3368,NA,NA,2012
NA,Cheshire West and Chester,E06000050,3438,NA,NA,2013
NA,Cheshire West and Chester,E06000050,3479,NA,NA,2014
NA,City of London,E09000001,75,NA,NA,2010
NA,City of London,E09000001,88,NA,NA,2011
NA,City of London,E09000001,92,NA,NA,2012
NA,City of London,E09000001,77,NA,NA,2013
NA,City of London,E09000001,90,NA,NA,2014
NA,Cornwall & Isles of Scilly,E0999,6438,NA,NA,2010
NA,Cornwall & Isles of Scilly,E0999,6399,NA,NA,2011
NA,Cornwall & Isles of Scilly,E0999,6382,NA,NA,2012
NA,Cornwall & Isles of Scilly,E0999,6565,NA,NA,2013
NA,Cornwall & Isles of Scilly,E0999,6589,NA,NA,2014
NA,County Durham,E06000047,6984,NA,NA,2010
NA,County Durham,E06000047,6972,NA,NA,2011
NA,County Durham,E06000047,6958,NA,NA,2012
NA,County Durham,E06000047,7237,NA,NA,2013
NA,County Durham,E06000047,7136,NA,NA,2014
NA,Coventry,E08000026,4635,NA,NA,2010
NA,Coventry,E08000026,4583,NA,NA,2011
NA,Coventry,E08000026,4620,NA,NA,2012
NA,Coventry,E08000026,4783,NA,NA,2013
NA,Coventry,E08000026,4770,NA,NA,2014
NA,Croydon,E09000008,3090,NA,NA,2010
NA,Croydon,E09000008,3078,NA,NA,2011
NA,Croydon,E09000008,3089,NA,NA,2012
NA,Croydon,E09000008,3181,NA,NA,2013
NA,Croydon,E09000008,3068,NA,NA,2014
NA,Cumbria,E10000006,5598,NA,NA,2010
NA,Cumbria,E10000006,5625,NA,NA,2011
NA,Cumbria,E10000006,5628,NA,NA,2012
NA,Cumbria,E10000006,5836,NA,NA,2013
NA,Cumbria,E10000006,5834,NA,NA,2014
NA,Darlington,E06000005,1346,NA,NA,2010
NA,Darlington,E06000005,1350,NA,NA,2011
NA,Darlington,E06000005,1357,NA,NA,2012
NA,Darlington,E06000005,1407,NA,NA,2013
NA,Darlington,E06000005,1399,NA,NA,2014
NA,Derby,E06000015,3111,NA,NA,2010
NA,Derby,E06000015,3079,NA,NA,2011
NA,Derby,E06000015,3086,NA,NA,2012
NA,Derby,E06000015,3193,NA,NA,2013
NA,Derby,E06000015,3222,NA,NA,2014
NA,Derbyshire,E10000007,8297,NA,NA,2010
NA,Derbyshire,E10000007,8261,NA,NA,2011
NA,Derbyshire,E10000007,8262,NA,NA,2012
NA,Derbyshire,E10000007,8486,NA,NA,2013
NA,Derbyshire,E10000007,8534,NA,NA,2014
NA,Devon,E10000008,6991,NA,NA,2010
NA,Devon,E10000008,6961,NA,NA,2011
NA,Devon,E10000008,6956,NA,NA,2012
NA,Devon,E10000008,7166,NA,NA,2013
NA,Devon,E10000008,7095,NA,NA,2014
NA,Doncaster,E08000017,3902,NA,NA,2010
NA,Doncaster,E08000017,3929,NA,NA,2011
NA,Doncaster,E08000017,3895,NA,NA,2012
NA,Doncaster,E08000017,3976,NA,NA,2013
NA,Doncaster,E08000017,3938,NA,NA,2014
NA,Dorset,E10000009,3461,NA,NA,2010
NA,Dorset,E10000009,3472,NA,NA,2011
NA,Dorset,E10000009,3437,NA,NA,2012
NA,Dorset,E10000009,3469,NA,NA,2013
NA,Dorset,E10000009,3492,NA,NA,2014
NA,Dudley,E08000027,3732,NA,NA,2010
NA,Dudley,E08000027,3747,NA,NA,2011
NA,Dudley,E08000027,3731,NA,NA,2012
NA,Dudley,E08000027,3867,NA,NA,2013
NA,Dudley,E08000027,3863,NA,NA,2014
NA,Ealing,E09000009,3424,NA,NA,2010
NA,Ealing,E09000009,3423,NA,NA,2011
NA,Ealing,E09000009,3369,NA,NA,2012
NA,Ealing,E09000009,3497,NA,NA,2013
NA,Ealing,E09000009,3499,NA,NA,2014
NA,East Riding of Yorkshire,E06000011,2843,NA,NA,2010
NA,East Riding of Yorkshire,E06000011,2825,NA,NA,2011
NA,East Riding of Yorkshire,E06000011,2819,NA,NA,2012
NA,East Riding of Yorkshire,E06000011,2875,NA,NA,2013
NA,East Riding of Yorkshire,E06000011,2888,NA,NA,2014
NA,East Sussex,E10000011,5219,NA,NA,2010
NA,East Sussex,E10000011,5201,NA,NA,2011
NA,East Sussex,E10000011,5207,NA,NA,2012
NA,East Sussex,E10000011,5316,NA,NA,2013
NA,East Sussex,E10000011,5297,NA,NA,2014
NA,Enfield,E09000010,2807,NA,NA,2010
NA,Enfield,E09000010,2833,NA,NA,2011
NA,Enfield,E09000010,2810,NA,NA,2012
NA,Enfield,E09000010,2851,NA,NA,2013
NA,Enfield,E09000010,2845,NA,NA,2014
NA,Essex,E10000012,12002,NA,NA,2010
NA,Essex,E10000012,12019,NA,NA,2011
NA,Essex,E10000012,11977,NA,NA,2012
NA,Essex,E10000012,12210,NA,NA,2013
NA,Essex,E10000012,12205,NA,NA,2014
NA,Gateshead,E08000037,2893,NA,NA,2010
NA,Gateshead,E08000037,2889,NA,NA,2011
NA,Gateshead,E08000037,2891,NA,NA,2012
NA,Gateshead,E08000037,3016,NA,NA,2013
NA,Gateshead,E08000037,3007,NA,NA,2014
NA,Gloucestershire,E10000013,5171,NA,NA,2010
NA,Gloucestershire,E10000013,5146,NA,NA,2011
NA,Gloucestershire,E10000013,5127,NA,NA,2012
NA,Gloucestershire,E10000013,5194,NA,NA,2013
NA,Gloucestershire,E10000013,5194,NA,NA,2014
NA,Greenwich,E09000011,2945,NA,NA,2010
NA,Greenwich,E09000011,2908,NA,NA,2011
NA,Greenwich,E09000011,2882,NA,NA,2012
NA,Greenwich,E09000011,2945,NA,NA,2013
NA,Greenwich,E09000011,2914,NA,NA,2014
NA,Hackney,E09000012,3594,NA,NA,2010
NA,Hackney,E09000012,3588,NA,NA,2011
NA,Hackney,E09000012,3581,NA,NA,2012
NA,Hackney,E09000012,3724,NA,NA,2013
NA,Hackney,E09000012,3716,NA,NA,2014
NA,Halton,E06000006,1846,NA,NA,2010
NA,Halton,E06000006,1851,NA,NA,2011
NA,Halton,E06000006,1843,NA,NA,2012
NA,Halton,E06000006,1932,NA,NA,2013
NA,Halton,E06000006,1889,NA,NA,2014
NA,Hammersmith and Fulham,E09000013,2528,NA,NA,2010
NA,Hammersmith and Fulham,E09000013,2507,NA,NA,2011
NA,Hammersmith and Fulham,E09000013,2508,NA,NA,2012
NA,Hammersmith and Fulham,E09000013,2607,NA,NA,2013
NA,Hammersmith and Fulham,E09000013,2583,NA,NA,2014
NA,Hampshire,E10000014,9871,NA,NA,2010
NA,Hampshire,E10000014,9868,NA,NA,2011
NA,Hampshire,E10000014,9806,NA,NA,2012
NA,Hampshire,E10000014,10033,NA,NA,2013
NA,Hampshire,E10000014,9980,NA,NA,2014
NA,Haringey,E09000014,3130,NA,NA,2010
NA,Haringey,E09000014,3156,NA,NA,2011
NA,Haringey,E09000014,3121,NA,NA,2012
NA,Haringey,E09000014,3198,NA,NA,2013
NA,Haringey,E09000014,3195,NA,NA,2014
NA,Harrow,E09000015,1582,NA,NA,2010
NA,Harrow,E09000015,1578,NA,NA,2011
NA,Harrow,E09000015,1577,NA,NA,2012
NA,Harrow,E09000015,1615,NA,NA,2013
NA,Harrow,E09000015,1607,NA,NA,2014
NA,Hartlepool,E06000001,1187,NA,NA,2010
NA,Hartlepool,E06000001,1194,NA,NA,2011
NA,Hartlepool,E06000001,1192,NA,NA,2012
NA,Hartlepool,E06000001,1227,NA,NA,2013
NA,Hartlepool,E06000001,1226,NA,NA,2014
NA,Havering,E09000016,2158,NA,NA,2010
NA,Havering,E09000016,2156,NA,NA,2011
NA,Havering,E09000016,2146,NA,NA,2012
NA,Havering,E09000016,2186,NA,NA,2013
NA,Havering,E09000016,2189,NA,NA,2014
NA,"Herefordshire, County of",E06000019,1678,NA,NA,2010
NA,"Herefordshire, County of",E06000019,1677,NA,NA,2011
NA,"Herefordshire, County of",E06000019,1681,NA,NA,2012
NA,"Herefordshire, County of",E06000019,1693,NA,NA,2013
NA,"Herefordshire, County of",E06000019,1695,NA,NA,2014
NA,Hertfordshire,E10000015,8684,NA,NA,2010
NA,Hertfordshire,E10000015,8689,NA,NA,2011
NA,Hertfordshire,E10000015,8563,NA,NA,2012
NA,Hertfordshire,E10000015,8636,NA,NA,2013
NA,Hertfordshire,E10000015,8661,NA,NA,2014
NA,Hillingdon,E09000017,2722,NA,NA,2010
NA,Hillingdon,E09000017,2729,NA,NA,2011
NA,Hillingdon,E09000017,2713,NA,NA,2012
NA,Hillingdon,E09000017,2789,NA,NA,2013
NA,Hillingdon,E09000017,2790,NA,NA,2014
NA,Hounslow,E09000018,2541,NA,NA,2010
NA,Hounslow,E09000018,2515,NA,NA,2011
NA,Hounslow,E09000018,2500,NA,NA,2012
NA,Hounslow,E09000018,2558,NA,NA,2013
NA,Hounslow,E09000018,2579,NA,NA,2014
NA,Isle of Wight,E06000046,1456,NA,NA,2010
NA,Isle of Wight,E06000046,1466,NA,NA,2011
NA,Isle of Wight,E06000046,1466,NA,NA,2012
NA,Isle of Wight,E06000046,1501,NA,NA,2013
NA,Isle of Wight,E06000046,1513,NA,NA,2014
NA,Islington,E09000019,3566,NA,NA,2010
NA,Islington,E09000019,3561,NA,NA,2011
NA,Islington,E09000019,3564,NA,NA,2012
NA,Islington,E09000019,3722,NA,NA,2013
NA,Islington,E09000019,3674,NA,NA,2014
NA,Kensington and Chelsea,E09000020,1710,NA,NA,2010
NA,Kensington and Chelsea,E09000020,1709,NA,NA,2011
NA,Kensington and Chelsea,E09000020,1708,NA,NA,2012
NA,Kensington and Chelsea,E09000020,1752,NA,NA,2013
NA,Kensington and Chelsea,E09000020,1738,NA,NA,2014
NA,Kent,E10000016,13790,NA,NA,2010
NA,Kent,E10000016,13813,NA,NA,2011
NA,Kent,E10000016,13800,NA,NA,2012
NA,Kent,E10000016,14066,NA,NA,2013
NA,Kent,E10000016,14052,NA,NA,2014
NA,"Kingston upon Hull, City of",E06000010,4648,NA,NA,2010
NA,"Kingston upon Hull, City of",E06000010,4669,NA,NA,2011
NA,"Kingston upon Hull, City of",E06000010,4606,NA,NA,2012
NA,"Kingston upon Hull, City of",E06000010,4840,NA,NA,2013
NA,"Kingston upon Hull, City of",E06000010,4814,NA,NA,2014
NA,Kingston upon Thames,E09000021,1329,NA,NA,2010
NA,Kingston upon Thames,E09000021,1318,NA,NA,2011
NA,Kingston upon Thames,E09000021,1315,NA,NA,2012
NA,Kingston upon Thames,E09000021,1334,NA,NA,2013
NA,Kingston upon Thames,E09000021,1320,NA,NA,2014
NA,Kirklees,E08000034,4495,NA,NA,2010
NA,Kirklees,E08000034,4477,NA,NA,2011
NA,Kirklees,E08000034,4477,NA,NA,2012
NA,Kirklees,E08000034,4602,NA,NA,2013
NA,Kirklees,E08000034,4588,NA,NA,2014
NA,Knowsley,E08000011,2658,NA,NA,2010
NA,Knowsley,E08000011,2648,NA,NA,2011
NA,Knowsley,E08000011,2673,NA,NA,2012
NA,Knowsley,E08000011,2801,NA,NA,2013
NA,Knowsley,E08000011,2810,NA,NA,2014
NA,Lambeth,E09000022,4605,NA,NA,2010
NA,Lambeth,E09000022,4581,NA,NA,2011
NA,Lambeth,E09000022,4567,NA,NA,2012
NA,Lambeth,E09000022,4660,NA,NA,2013
NA,Lambeth,E09000022,4701,NA,NA,2014
NA,Lancashire,E10000017,13916,NA,NA,2010
NA,Lancashire,E10000017,13786,NA,NA,2011
NA,Lancashire,E10000017,13708,NA,NA,2012
NA,Lancashire,E10000017,14261,NA,NA,2013
NA,Lancashire,E10000017,14199,NA,NA,2014
NA,Leeds,E08000035,10230,NA,NA,2010
NA,Leeds,E08000035,10257,NA,NA,2011
NA,Leeds,E08000035,10199,NA,NA,2012
NA,Leeds,E08000035,10608,NA,NA,2013
NA,Leeds,E08000035,10534,NA,NA,2014
NA,Leicester,E06000016,3870,NA,NA,2010
NA,Leicester,E06000016,3868,NA,NA,2011
NA,Leicester,E06000016,3841,NA,NA,2012
NA,Leicester,E06000016,3942,NA,NA,2013
NA,Leicester,E06000016,3914,NA,NA,2014
NA,Leicestershire,E10000018,5147,NA,NA,2010
NA,Leicestershire,E10000018,5137,NA,NA,2011
NA,Leicestershire,E10000018,5115,NA,NA,2012
NA,Leicestershire,E10000018,5216,NA,NA,2013
NA,Leicestershire,E10000018,5180,NA,NA,2014
NA,Lewisham,E09000023,3390,NA,NA,2010
NA,Lewisham,E09000023,3395,NA,NA,2011
NA,Lewisham,E09000023,3366,NA,NA,2012
NA,Lewisham,E09000023,3452,NA,NA,2013
NA,Lewisham,E09000023,3481,NA,NA,2014
NA,Lincolnshire,E10000019,6709,NA,NA,2010
NA,Lincolnshire,E10000019,6703,NA,NA,2011
NA,Lincolnshire,E10000019,6718,NA,NA,2012
NA,Lincolnshire,E10000019,6848,NA,NA,2013
NA,Lincolnshire,E10000019,6807,NA,NA,2014
NA,Liverpool,E08000012,10840,NA,NA,2010
NA,Liverpool,E08000012,10793,NA,NA,2011
NA,Liverpool,E08000012,10835,NA,NA,2012
NA,Liverpool,E08000012,11380,NA,NA,2013
NA,Liverpool,E08000012,11458,NA,NA,2014
NA,Luton,E06000032,2181,NA,NA,2010
NA,Luton,E06000032,2185,NA,NA,2011
NA,Luton,E06000032,2217,NA,NA,2012
NA,Luton,E06000032,2265,NA,NA,2013
NA,Luton,E06000032,2278,NA,NA,2014
NA,Manchester,E08000003,9405,NA,NA,2010
NA,Manchester,E08000003,9214,NA,NA,2011
NA,Manchester,E08000003,9135,NA,NA,2012
NA,Manchester,E08000003,9591,NA,NA,2013
NA,Manchester,E08000003,9528,NA,NA,2014
NA,Medway,E06000035,2774,NA,NA,2010
NA,Medway,E06000035,2783,NA,NA,2011
NA,Medway,E06000035,2764,NA,NA,2012
NA,Medway,E06000035,2817,NA,NA,2013
NA,Medway,E06000035,2808,NA,NA,2014
NA,Merton,E09000024,1812,NA,NA,2010
NA,Merton,E09000024,1793,NA,NA,2011
NA,Merton,E09000024,1798,NA,NA,2012
NA,Merton,E09000024,1838,NA,NA,2013
NA,Merton,E09000024,1837,NA,NA,2014
NA,Middlesbrough,E06000002,2561,NA,NA,2010
NA,Middlesbrough,E06000002,2609,NA,NA,2011
NA,Middlesbrough,E06000002,2632,NA,NA,2012
NA,Middlesbrough,E06000002,2781,NA,NA,2013
NA,Middlesbrough,E06000002,2757,NA,NA,2014
NA,Milton Keynes,E06000042,1996,NA,NA,2010
NA,Milton Keynes,E06000042,2002,NA,NA,2011
NA,Milton Keynes,E06000042,1998,NA,NA,2012
NA,Milton Keynes,E06000042,2036,NA,NA,2013
NA,Milton Keynes,E06000042,2021,NA,NA,2014
NA,Newcastle upon Tyne,E08000021,3978,NA,NA,2010
NA,Newcastle upon Tyne,E08000021,4014,NA,NA,2011
NA,Newcastle upon Tyne,E08000021,3992,NA,NA,2012
NA,Newcastle upon Tyne,E08000021,4145,NA,NA,2013
NA,Newcastle upon Tyne,E08000021,4066,NA,NA,2014
NA,Newham,E09000025,3519,NA,NA,2010
NA,Newham,E09000025,3538,NA,NA,2011
NA,Newham,E09000025,3495,NA,NA,2012
NA,Newham,E09000025,3601,NA,NA,2013
NA,Newham,E09000025,3615,NA,NA,2014
NA,Norfolk,E10000020,8949,NA,NA,2010
NA,Norfolk,E10000020,8971,NA,NA,2011
NA,Norfolk,E10000020,8972,NA,NA,2012
NA,Norfolk,E10000020,9216,NA,NA,2013
NA,Norfolk,E10000020,9195,NA,NA,2014
NA,North East Lincolnshire,E06000012,1890,NA,NA,2010
NA,North East Lincolnshire,E06000012,1901,NA,NA,2011
NA,North East Lincolnshire,E06000012,1891,NA,NA,2012
NA,North East Lincolnshire,E06000012,1970,NA,NA,2013
NA,North East Lincolnshire,E06000012,1957,NA,NA,2014
NA,North Lincolnshire,E06000013,1727,NA,NA,2010
NA,North Lincolnshire,E06000013,1698,NA,NA,2011
NA,North Lincolnshire,E06000013,1708,NA,NA,2012
NA,North Lincolnshire,E06000013,1744,NA,NA,2013
NA,North Lincolnshire,E06000013,1741,NA,NA,2014
NA,North Somerset,E06000024,1787,NA,NA,2010
NA,North Somerset,E06000024,1776,NA,NA,2011
NA,North Somerset,E06000024,1772,NA,NA,2012
NA,North Somerset,E06000024,1828,NA,NA,2013
NA,North Somerset,E06000024,1817,NA,NA,2014
NA,North Tyneside,E08000022,2516,NA,NA,2010
NA,North Tyneside,E08000022,2511,NA,NA,2011
NA,North Tyneside,E08000022,2517,NA,NA,2012
NA,North Tyneside,E08000022,2586,NA,NA,2013
NA,North Tyneside,E08000022,2604,NA,NA,2014
NA,North Yorkshire,E10000023,5196,NA,NA,2010
NA,North Yorkshire,E10000023,5201,NA,NA,2011
NA,North Yorkshire,E10000023,5184,NA,NA,2012
NA,North Yorkshire,E10000023,5305,NA,NA,2013
NA,North Yorkshire,E10000023,5340,NA,NA,2014
NA,Northamptonshire,E10000021,6428,NA,NA,2010
NA,Northamptonshire,E10000021,6416,NA,NA,2011
NA,Northamptonshire,E10000021,6381,NA,NA,2012
NA,Northamptonshire,E10000021,6528,NA,NA,2013
NA,Northamptonshire,E10000021,6535,NA,NA,2014
NA,Northumberland,E06000057,3153,NA,NA,2010
NA,Northumberland,E06000057,3150,NA,NA,2011
NA,Northumberland,E06000057,3150,NA,NA,2012
NA,Northumberland,E06000057,3231,NA,NA,2013
NA,Northumberland,E06000057,3236,NA,NA,2014
NA,Nottingham,E06000018,5269,NA,NA,2010
NA,Nottingham,E06000018,5260,NA,NA,2011
NA,Nottingham,E06000018,5227,NA,NA,2012
NA,Nottingham,E06000018,5460,NA,NA,2013
NA,Nottingham,E06000018,5515,NA,NA,2014
NA,Nottinghamshire,E10000024,8160,NA,NA,2010
NA,Nottinghamshire,E10000024,8184,NA,NA,2011
NA,Nottinghamshire,E10000024,8166,NA,NA,2012
NA,Nottinghamshire,E10000024,8379,NA,NA,2013
NA,Nottinghamshire,E10000024,8346,NA,NA,2014
NA,Oldham,E08000004,2936,NA,NA,2010
NA,Oldham,E08000004,2924,NA,NA,2011
NA,Oldham,E08000004,2904,NA,NA,2012
NA,Oldham,E08000004,3030,NA,NA,2013
NA,Oldham,E08000004,3039,NA,NA,2014
NA,Oxfordshire,E10000025,5292,NA,NA,2010
NA,Oxfordshire,E10000025,5285,NA,NA,2011
NA,Oxfordshire,E10000025,5272,NA,NA,2012
NA,Oxfordshire,E10000025,5375,NA,NA,2013
NA,Oxfordshire,E10000025,5373,NA,NA,2014
NA,Peterborough,E06000031,2387,NA,NA,2010
NA,Peterborough,E06000031,2367,NA,NA,2011
NA,Peterborough,E06000031,2375,NA,NA,2012
NA,Peterborough,E06000031,2436,NA,NA,2013
NA,Peterborough,E06000031,2456,NA,NA,2014
NA,Plymouth,E06000026,3280,NA,NA,2010
NA,Plymouth,E06000026,3274,NA,NA,2011
NA,Plymouth,E06000026,3243,NA,NA,2012
NA,Plymouth,E06000026,3353,NA,NA,2013
NA,Plymouth,E06000026,3320,NA,NA,2014
NA,Poole,E06000029,1520,NA,NA,2010
NA,Poole,E06000029,1510,NA,NA,2011
NA,Poole,E06000029,1515,NA,NA,2012
NA,Poole,E06000029,1538,NA,NA,2013
NA,Poole,E06000029,1564,NA,NA,2014
NA,Portsmouth,E06000044,3065,NA,NA,2010
NA,Portsmouth,E06000044,3072,NA,NA,2011
NA,Portsmouth,E06000044,2982,NA,NA,2012
NA,Portsmouth,E06000044,3115,NA,NA,2013
NA,Portsmouth,E06000044,3075,NA,NA,2014
NA,Reading,E06000038,1686,NA,NA,2010
NA,Reading,E06000038,1668,NA,NA,2011
NA,Reading,E06000038,1675,NA,NA,2012
NA,Reading,E06000038,1707,NA,NA,2013
NA,Reading,E06000038,1702,NA,NA,2014
NA,Redbridge,E09000026,2174,NA,NA,2010
NA,Redbridge,E09000026,2172,NA,NA,2011
NA,Redbridge,E09000026,2154,NA,NA,2012
NA,Redbridge,E09000026,2218,NA,NA,2013
NA,Redbridge,E09000026,2197,NA,NA,2014
NA,Redcar and Cleveland,E06000003,1776,NA,NA,2010
NA,Redcar and Cleveland,E06000003,1780,NA,NA,2011
NA,Redcar and Cleveland,E06000003,1795,NA,NA,2012
NA,Redcar and Cleveland,E06000003,1859,NA,NA,2013
NA,Redcar and Cleveland,E06000003,1855,NA,NA,2014
NA,Richmond upon Thames,E09000027,1399,NA,NA,2010
NA,Richmond upon Thames,E09000027,1397,NA,NA,2011
NA,Richmond upon Thames,E09000027,1395,NA,NA,2012
NA,Richmond upon Thames,E09000027,1420,NA,NA,2013
NA,Richmond upon Thames,E09000027,1417,NA,NA,2014
NA,Rochdale,E08000005,3143,NA,NA,2010
NA,Rochdale,E08000005,3125,NA,NA,2011
NA,Rochdale,E08000005,3082,NA,NA,2012
NA,Rochdale,E08000005,3248,NA,NA,2013
NA,Rochdale,E08000005,3260,NA,NA,2014
NA,Rotherham,E08000018,3307,NA,NA,2010
NA,Rotherham,E08000018,3327,NA,NA,2011
NA,Rotherham,E08000018,3285,NA,NA,2012
NA,Rotherham,E08000018,3353,NA,NA,2013
NA,Rotherham,E08000018,3343,NA,NA,2014
NA,Rutland,E06000017,241,NA,NA,2010
NA,Rutland,E06000017,240,NA,NA,2011
NA,Rutland,E06000017,243,NA,NA,2012
NA,Rutland,E06000017,242,NA,NA,2013
NA,Rutland,E06000017,243,NA,NA,2014
NA,Salford,E08000006,4485,NA,NA,2010
NA,Salford,E08000006,4405,NA,NA,2011
NA,Salford,E08000006,4361,NA,NA,2012
NA,Salford,E08000006,4666,NA,NA,2013
NA,Salford,E08000006,4684,NA,NA,2014
NA,Sandwell,E08000028,4442,NA,NA,2010
NA,Sandwell,E08000028,4455,NA,NA,2011
NA,Sandwell,E08000028,4450,NA,NA,2012
NA,Sandwell,E08000028,4690,NA,NA,2013
NA,Sandwell,E08000028,4673,NA,NA,2014
NA,Sefton,E08000014,4097,NA,NA,2010
NA,Sefton,E08000014,4128,NA,NA,2011
NA,Sefton,E08000014,4121,NA,NA,2012
NA,Sefton,E08000014,4314,NA,NA,2013
NA,Sefton,E08000014,4290,NA,NA,2014
NA,Sheffield,E08000019,6819,NA,NA,2010
NA,Sheffield,E08000019,6809,NA,NA,2011
NA,Sheffield,E08000019,6794,NA,NA,2012
NA,Sheffield,E08000019,7018,NA,NA,2013
NA,Sheffield,E08000019,6925,NA,NA,2014
NA,Shropshire,E06000051,2826,NA,NA,2010
NA,Shropshire,E06000051,2815,NA,NA,2011
NA,Shropshire,E06000051,2814,NA,NA,2012
NA,Shropshire,E06000051,2871,NA,NA,2013
NA,Shropshire,E06000051,2883,NA,NA,2014
NA,Slough,E06000039,1451,NA,NA,2010
NA,Slough,E06000039,1447,NA,NA,2011
NA,Slough,E06000039,1439,NA,NA,2012
NA,Slough,E06000039,1500,NA,NA,2013
NA,Slough,E06000039,1513,NA,NA,2014
NA,Solihull,E08000029,1760,NA,NA,2010
NA,Solihull,E08000029,1766,NA,NA,2011
NA,Solihull,E08000029,1744,NA,NA,2012
NA,Solihull,E08000029,1795,NA,NA,2013
NA,Solihull,E08000029,1796,NA,NA,2014
NA,Somerset,E10000027,4944,NA,NA,2010
NA,Somerset,E10000027,4938,NA,NA,2011
NA,Somerset,E10000027,4961,NA,NA,2012
NA,Somerset,E10000027,5067,NA,NA,2013
NA,Somerset,E10000027,5058,NA,NA,2014
NA,South Gloucestershire,E06000025,2079,NA,NA,2010
NA,South Gloucestershire,E06000025,2074,NA,NA,2011
NA,South Gloucestershire,E06000025,2078,NA,NA,2012
NA,South Gloucestershire,E06000025,2111,NA,NA,2013
NA,South Gloucestershire,E06000025,2118,NA,NA,2014
NA,South Tyneside,E08000023,1929,NA,NA,2010
NA,South Tyneside,E08000023,1906,NA,NA,2011
NA,South Tyneside,E08000023,1905,NA,NA,2012
NA,South Tyneside,E08000023,1994,NA,NA,2013
NA,South Tyneside,E08000023,1960,NA,NA,2014
NA,Southampton,E06000045,3360,NA,NA,2010
NA,Southampton,E06000045,3340,NA,NA,2011
NA,Southampton,E06000045,3363,NA,NA,2012
NA,Southampton,E06000045,3465,NA,NA,2013
NA,Southampton,E06000045,3459,NA,NA,2014
NA,Southend-on-Sea,E06000033,2031,NA,NA,2010
NA,Southend-on-Sea,E06000033,2042,NA,NA,2011
NA,Southend-on-Sea,E06000033,2020,NA,NA,2012
NA,Southend-on-Sea,E06000033,2082,NA,NA,2013
NA,Southend-on-Sea,E06000033,2091,NA,NA,2014
NA,Southwark,E09000028,3972,NA,NA,2010
NA,Southwark,E09000028,3964,NA,NA,2011
NA,Southwark,E09000028,3956,NA,NA,2012
NA,Southwark,E09000028,4056,NA,NA,2013
NA,Southwark,E09000028,4088,NA,NA,2014
NA,St. Helens,E08000013,2782,NA,NA,2010
NA,St. Helens,E08000013,2783,NA,NA,2011
NA,St. Helens,E08000013,2769,NA,NA,2012
NA,St. Helens,E08000013,2883,NA,NA,2013
NA,St. Helens,E08000013,2907,NA,NA,2014
NA,Staffordshire,E10000028,8310,NA,NA,2010
NA,Staffordshire,E10000028,8280,NA,NA,2011
NA,Staffordshire,E10000028,8291,NA,NA,2012
NA,Staffordshire,E10000028,8436,NA,NA,2013
NA,Staffordshire,E10000028,8451,NA,NA,2014
NA,Stockport,E08000007,3216,NA,NA,2010
NA,Stockport,E08000007,3235,NA,NA,2011
NA,Stockport,E08000007,3228,NA,NA,2012
NA,Stockport,E08000007,3381,NA,NA,2013
NA,Stockport,E08000007,3352,NA,NA,2014
NA,Stockton-on-Tees,E06000004,2110,NA,NA,2010
NA,Stockton-on-Tees,E06000004,2088,NA,NA,2011
NA,Stockton-on-Tees,E06000004,2089,NA,NA,2012
NA,Stockton-on-Tees,E06000004,2128,NA,NA,2013
NA,Stockton-on-Tees,E06000004,2142,NA,NA,2014
NA,Stoke-on-Trent,E06000021,3750,NA,NA,2010
NA,Stoke-on-Trent,E06000021,3748,NA,NA,2011
NA,Stoke-on-Trent,E06000021,3758,NA,NA,2012
NA,Stoke-on-Trent,E06000021,3863,NA,NA,2013
NA,Stoke-on-Trent,E06000021,3864,NA,NA,2014
NA,Suffolk,E10000029,6468,NA,NA,2010
NA,Suffolk,E10000029,6458,NA,NA,2011
NA,Suffolk,E10000029,6464,NA,NA,2012
NA,Suffolk,E10000029,6594,NA,NA,2013
NA,Suffolk,E10000029,6571,NA,NA,2014
NA,Sunderland,E08000024,4538,NA,NA,2010
NA,Sunderland,E08000024,4559,NA,NA,2011
NA,Sunderland,E08000024,4495,NA,NA,2012
NA,Sunderland,E08000024,4720,NA,NA,2013
NA,Sunderland,E08000024,4633,NA,NA,2014
NA,Surrey,E10000030,7640,NA,NA,2010
NA,Surrey,E10000030,7661,NA,NA,2011
NA,Surrey,E10000030,7646,NA,NA,2012
NA,Surrey,E10000030,7798,NA,NA,2013
NA,Surrey,E10000030,7773,NA,NA,2014
NA,Sutton,E09000029,1941,NA,NA,2010
NA,Sutton,E09000029,1939,NA,NA,2011
NA,Sutton,E09000029,1941,NA,NA,2012
NA,Sutton,E09000029,1993,NA,NA,2013
NA,Sutton,E09000029,1986,NA,NA,2014
NA,Swindon,E06000030,1898,NA,NA,2010
NA,Swindon,E06000030,1896,NA,NA,2011
NA,Swindon,E06000030,1891,NA,NA,2012
NA,Swindon,E06000030,1958,NA,NA,2013
NA,Swindon,E06000030,1951,NA,NA,2014
NA,Tameside,E08000008,3544,NA,NA,2010
NA,Tameside,E08000008,3577,NA,NA,2011
NA,Tameside,E08000008,3559,NA,NA,2012
NA,Tameside,E08000008,3749,NA,NA,2013
NA,Tameside,E08000008,3723,NA,NA,2014
NA,Telford and Wrekin,E06000020,1878,NA,NA,2010
NA,Telford and Wrekin,E06000020,1906,NA,NA,2011
NA,Telford and Wrekin,E06000020,1903,NA,NA,2012
NA,Telford and Wrekin,E06000020,1943,NA,NA,2013
NA,Telford and Wrekin,E06000020,1949,NA,NA,2014
NA,Thurrock,E06000034,1453,NA,NA,2010
NA,Thurrock,E06000034,1448,NA,NA,2011
NA,Thurrock,E06000034,1444,NA,NA,2012
NA,Thurrock,E06000034,1458,NA,NA,2013
NA,Thurrock,E06000034,1466,NA,NA,2014
NA,Torbay,E06000027,1629,NA,NA,2010
NA,Torbay,E06000027,1617,NA,NA,2011
NA,Torbay,E06000027,1598,NA,NA,2012
NA,Torbay,E06000027,1679,NA,NA,2013
NA,Torbay,E06000027,1666,NA,NA,2014
NA,Tower Hamlets,E09000030,3370,NA,NA,2010
NA,Tower Hamlets,E09000030,3370,NA,NA,2011
NA,Tower Hamlets,E09000030,3365,NA,NA,2012
NA,Tower Hamlets,E09000030,3422,NA,NA,2013
NA,Tower Hamlets,E09000030,3427,NA,NA,2014
NA,Trafford,E08000009,2263,NA,NA,2010
NA,Trafford,E08000009,2253,NA,NA,2011
NA,Trafford,E08000009,2232,NA,NA,2012
NA,Trafford,E08000009,2336,NA,NA,2013
NA,Trafford,E08000009,2330,NA,NA,2014
NA,Wakefield,E08000036,4322,NA,NA,2010
NA,Wakefield,E08000036,4321,NA,NA,2011
NA,Wakefield,E08000036,4366,NA,NA,2012
NA,Wakefield,E08000036,4530,NA,NA,2013
NA,Wakefield,E08000036,4500,NA,NA,2014
NA,Walsall,E08000030,3242,NA,NA,2010
NA,Walsall,E08000030,3276,NA,NA,2011
NA,Walsall,E08000030,3246,NA,NA,2012
NA,Walsall,E08000030,3335,NA,NA,2013
NA,Walsall,E08000030,3364,NA,NA,2014
NA,Waltham Forest,E09000031,2904,NA,NA,2010
NA,Waltham Forest,E09000031,2889,NA,NA,2011
NA,Waltham Forest,E09000031,2898,NA,NA,2012
NA,Waltham Forest,E09000031,2982,NA,NA,2013
NA,Waltham Forest,E09000031,2948,NA,NA,2014
NA,Wandsworth,E09000032,3688,NA,NA,2010
NA,Wandsworth,E09000032,3685,NA,NA,2011
NA,Wandsworth,E09000032,3701,NA,NA,2012
NA,Wandsworth,E09000032,3776,NA,NA,2013
NA,Wandsworth,E09000032,3743,NA,NA,2014
NA,Warrington,E06000007,2355,NA,NA,2010
NA,Warrington,E06000007,2320,NA,NA,2011
NA,Warrington,E06000007,2321,NA,NA,2012
NA,Warrington,E06000007,2381,NA,NA,2013
NA,Warrington,E06000007,2380,NA,NA,2014
NA,Warwickshire,E10000031,4880,NA,NA,2010
NA,Warwickshire,E10000031,4827,NA,NA,2011
NA,Warwickshire,E10000031,4839,NA,NA,2012
NA,Warwickshire,E10000031,4961,NA,NA,2013
NA,Warwickshire,E10000031,4937,NA,NA,2014
NA,West Berkshire,E06000037,1055,NA,NA,2010
NA,West Berkshire,E06000037,1058,NA,NA,2011
NA,West Berkshire,E06000037,1056,NA,NA,2012
NA,West Berkshire,E06000037,1078,NA,NA,2013
NA,West Berkshire,E06000037,1074,NA,NA,2014
NA,West Sussex,E10000032,6837,NA,NA,2010
NA,West Sussex,E10000032,6837,NA,NA,2011
NA,West Sussex,E10000032,6824,NA,NA,2012
NA,West Sussex,E10000032,6986,NA,NA,2013
NA,West Sussex,E10000032,6967,NA,NA,2014
NA,Westminster,E09000033,2706,NA,NA,2010
NA,Westminster,E09000033,2669,NA,NA,2011
NA,Westminster,E09000033,2695,NA,NA,2012
NA,Westminster,E09000033,2759,NA,NA,2013
NA,Westminster,E09000033,2728,NA,NA,2014
NA,Wigan,E08000010,4336,NA,NA,2010
NA,Wigan,E08000010,4351,NA,NA,2011
NA,Wigan,E08000010,4304,NA,NA,2012
NA,Wigan,E08000010,4489,NA,NA,2013
NA,Wigan,E08000010,4484,NA,NA,2014
NA,Wiltshire,E06000054,3687,NA,NA,2010
NA,Wiltshire,E06000054,3694,NA,NA,2011
NA,Wiltshire,E06000054,3696,NA,NA,2012
NA,Wiltshire,E06000054,3787,NA,NA,2013
NA,Wiltshire,E06000054,3777,NA,NA,2014
NA,Windsor and Maidenhead,E06000040,950,NA,NA,2010
NA,Windsor and Maidenhead,E06000040,956,NA,NA,2011
NA,Windsor and Maidenhead,E06000040,954,NA,NA,2012
NA,Windsor and Maidenhead,E06000040,974,NA,NA,2013
NA,Windsor and Maidenhead,E06000040,982,NA,NA,2014
NA,Wirral,E08000015,4631,NA,NA,2010
NA,Wirral,E08000015,4661,NA,NA,2011
NA,Wirral,E08000015,4623,NA,NA,2012
NA,Wirral,E08000015,4906,NA,NA,2013
NA,Wirral,E08000015,4891,NA,NA,2014
NA,Wokingham,E06000041,767,NA,NA,2010
NA,Wokingham,E06000041,765,NA,NA,2011
NA,Wokingham,E06000041,768,NA,NA,2012
NA,Wokingham,E06000041,774,NA,NA,2013
NA,Wokingham,E06000041,777,NA,NA,2014
NA,Wolverhampton,E08000031,3453,NA,NA,2010
NA,Wolverhampton,E08000031,3443,NA,NA,2011
NA,Wolverhampton,E08000031,3427,NA,NA,2012
NA,Wolverhampton,E08000031,3613,NA,NA,2013
NA,Wolverhampton,E08000031,3591,NA,NA,2014
NA,Worcestershire,E10000034,5282,NA,NA,2010
NA,Worcestershire,E10000034,5292,NA,NA,2011
NA,Worcestershire,E10000034,5293,NA,NA,2012
NA,Worcestershire,E10000034,5400,NA,NA,2013
NA,Worcestershire,E10000034,5407,NA,NA,2014
NA,York,E06000014,2234,NA,NA,2010
NA,York,E06000014,2225,NA,NA,2011
NA,York,E06000014,2234,NA,NA,2012
NA,York,E06000014,2315,NA,NA,2013
NA,York,E06000014,2331,NA,NA,2014
