ISO3,Country,Residence Type,Service Type,Year,Coverage,Population,Service level
GBR,United Kingdom of Great Britain and Northern Ireland,total,Sanitation,2000,1.38898,818432.33104,Basic service
GBR,United Kingdom of Great Britain and Northern Ireland,rural,Sanitation,2000,5.96491,750358.64969,Basic service
GBR,United Kingdom of Great Britain and Northern Ireland,urban,Sanitation,2000,0.14689,68073.68234,Basic service
GBR,United Kingdom of Great Britain and Northern Ireland,total,Sanitation,2000,0.69417,409028.4674,Limited service
GBR,United Kingdom of Great Britain and Northern Ireland,rural,Sanitation,2000,0.30023,37767.00012,Limited service
GBR,United Kingdom of Great Britain and Northern Ireland,urban,Sanitation,2000,0.8011,371261.45943,Limited service
GBR,United Kingdom of Great Britain and Northern Ireland,total,Sanitation,2000,0,0,Open defecation
GBR,United Kingdom of Great Britain and Northern Ireland,rural,Sanitation,2000,0,0,Open defecation
GBR,United Kingdom of Great Britain and Northern Ireland,urban,Sanitation,2000,0,0,Open defecation
GBR,United Kingdom of Great Britain and Northern Ireland,total,Sanitation,2000,97.74101,57592232.57282,Safely managed service
GBR,United Kingdom of Great Britain and Northern Ireland,rural,Sanitation,2000,93.50986,11763107.39206,Safely managed service
GBR,United Kingdom of Great Britain and Northern Ireland,urban,Sanitation,2000,98.88951,45829124.23338,Safely managed service
GBR,United Kingdom of Great Britain and Northern Ireland,total,Sanitation,2000,0.17584,103610.62992,Unimproved
GBR,United Kingdom of Great Britain and Northern Ireland,rural,Sanitation,2000,0.225,28303.95825,Unimproved
GBR,United Kingdom of Great Britain and Northern Ireland,urban,Sanitation,2000,0.1625,75308.623,Unimproved
GBR,United Kingdom of Great Britain and Northern Ireland,total,Sanitation,2001,1.38316,817783.96914,Basic service
GBR,United Kingdom of Great Britain and Northern Ireland,rural,Sanitation,2001,5.96491,749391.25983,Basic service
GBR,United Kingdom of Great Britain and Northern Ireland,urban,Sanitation,2001,0.14689,68392.70662,Basic service
GBR,United Kingdom of Great Britain and Northern Ireland,total,Sanitation,2001,0.69467,410719.66937,Limited service
GBR,United Kingdom of Great Britain and Northern Ireland,rural,Sanitation,2001,0.30023,37718.30952,Limited service
GBR,United Kingdom of Great Britain and Northern Ireland,urban,Sanitation,2001,0.8011,373001.35968,Limited service
GBR,United Kingdom of Great Britain and Northern Ireland,total,Sanitation,2001,0,0,Open defecation
GBR,United Kingdom of Great Britain and Northern Ireland,rural,Sanitation,2001,0,0,Open defecation
GBR,United Kingdom of Great Britain and Northern Ireland,urban,Sanitation,2001,0,0,Open defecation
GBR,United Kingdom of Great Britain and Northern Ireland,total,Sanitation,2001,97.74638,57791842.36465,Safely managed service
GBR,United Kingdom of Great Britain and Northern Ireland,rural,Sanitation,2001,93.50986,11747941.96303,Safely managed service
GBR,United Kingdom of Great Britain and Northern Ireland,urban,Sanitation,2001,98.88951,46043900.37834,Safely managed service
GBR,United Kingdom of Great Britain and Northern Ireland,total,Sanitation,2001,0.17578,103929.99802,Unimproved
GBR,United Kingdom of Great Britain and Northern Ireland,rural,Sanitation,2001,0.225,28267.46775,Unimproved
GBR,United Kingdom of Great Britain and Northern Ireland,urban,Sanitation,2001,0.1625,75661.5535,Unimproved
GBR,United Kingdom of Great Britain and Northern Ireland,total,Sanitation,2002,1.36594,810361.26284,Basic service
GBR,United Kingdom of Great Britain and Northern Ireland,rural,Sanitation,2002,5.96491,741476.95138,Basic service
GBR,United Kingdom of Great Britain and Northern Ireland,urban,Sanitation,2002,0.14689,68884.34255,Basic service
GBR,United Kingdom of Great Britain and Northern Ireland,total,Sanitation,2002,0.69615,413002.61407,Limited service
GBR,United Kingdom of Great Britain and Northern Ireland,rural,Sanitation,2002,0.30023,37319.96709,Limited service
GBR,United Kingdom of Great Britain and Northern Ireland,urban,Sanitation,2002,0.8011,375682.65246,Limited service
GBR,United Kingdom of Great Britain and Northern Ireland,total,Sanitation,2002,0,0,Open defecation
GBR,United Kingdom of Great Britain and Northern Ireland,rural,Sanitation,2002,0,0,Open defecation
GBR,United Kingdom of Great Britain and Northern Ireland,urban,Sanitation,2002,0,0,Open defecation
GBR,United Kingdom of Great Britain and Northern Ireland,total,Sanitation,2002,97.76231,57998754.7246,Safely managed service
GBR,United Kingdom of Great Britain and Northern Ireland,rural,Sanitation,2002,93.50986,11623872.14616,Safely managed service
GBR,United Kingdom of Great Britain and Northern Ireland,urban,Sanitation,2002,98.88951,46374883.56212,Safely managed service
GBR,United Kingdom of Great Britain and Northern Ireland,total,Sanitation,2002,0.17559,104173.3979,Unimproved
GBR,United Kingdom of Great Britain and Northern Ireland,rural,Sanitation,2002,0.225,27968.9355,Unimproved
GBR,United Kingdom of Great Britain and Northern Ireland,urban,Sanitation,2002,0.1625,76205.441,Unimproved
GBR,United Kingdom of Great Britain and Northern Ireland,total,Sanitation,2003,1.34895,803454.50542,Basic service
GBR,United Kingdom of Great Britain and Northern Ireland,rural,Sanitation,2003,5.96491,734041.68522,Basic service
GBR,United Kingdom of Great Britain and Northern Ireland,urban,Sanitation,2003,0.14689,69412.824,Basic service
GBR,United Kingdom of Great Britain and Northern Ireland,total,Sanitation,2003,0.69762,415510.6299,Limited service
GBR,United Kingdom of Great Britain and Northern Ireland,rural,Sanitation,2003,0.30023,36945.73578,Limited service
GBR,United Kingdom of Great Britain and Northern Ireland,urban,Sanitation,2003,0.8011,378564.894,Limited service
GBR,United Kingdom of Great Britain and Northern Ireland,total,Sanitation,2003,0,0,Open defecation
GBR,United Kingdom of Great Britain and Northern Ireland,rural,Sanitation,2003,0,0,Open defecation
GBR,United Kingdom of Great Britain and Northern Ireland,urban,Sanitation,2003,0,0,Open defecation
GBR,United Kingdom of Great Britain and Northern Ireland,total,Sanitation,2003,97.77802,58237984.30313,Safely managed service
GBR,United Kingdom of Great Britain and Northern Ireland,rural,Sanitation,2003,93.50986,11507312.10612,Safely managed service
GBR,United Kingdom of Great Britain and Northern Ireland,urban,Sanitation,2003,98.88951,46730672.19012,Safely managed service
GBR,United Kingdom of Great Britain and Northern Ireland,total,Sanitation,2003,0.17541,104478.56275,Unimproved
GBR,United Kingdom of Great Britain and Northern Ireland,rural,Sanitation,2003,0.225,27688.473,Unimproved
GBR,United Kingdom of Great Britain and Northern Ireland,urban,Sanitation,2003,0.1625,76790.09,Unimproved
GBR,United Kingdom of Great Britain and Northern Ireland,total,Sanitation,2004,1.33208,797552.32976,Basic service
GBR,United Kingdom of Great Britain and Northern Ireland,rural,Sanitation,2004,5.96491,727521.61593,Basic service
GBR,United Kingdom of Great Britain and Northern Ireland,urban,Sanitation,2004,0.14689,70030.69593,Basic service
GBR,United Kingdom of Great Britain and Northern Ireland,total,Sanitation,2004,0.69907,418552.22911,Limited service
GBR,United Kingdom of Great Britain and Northern Ireland,rural,Sanitation,2004,0.30023,36617.5681,Limited service
GBR,United Kingdom of Great Britain and Northern Ireland,urban,Sanitation,2004,0.8011,381934.65496,Limited service
GBR,United Kingdom of Great Britain and Northern Ireland,total,Sanitation,2004,0,0,Open defecation
GBR,United Kingdom of Great Britain and Northern Ireland,rural,Sanitation,2004,0,0,Open defecation
GBR,United Kingdom of Great Britain and Northern Ireland,urban,Sanitation,2004,0,0,Open defecation
GBR,United Kingdom of Great Britain and Northern Ireland,total,Sanitation,2004,97.79362,58551741.23002,Safely managed service
GBR,United Kingdom of Great Britain and Northern Ireland,rural,Sanitation,2004,93.50986,11405099.28384,Safely managed service
GBR,United Kingdom of Great Britain and Northern Ireland,urban,Sanitation,2004,98.88951,47146641.0172,Safely managed service
GBR,United Kingdom of Great Britain and Northern Ireland,total,Sanitation,2004,0.17523,104914.2111,Unimproved
GBR,United Kingdom of Great Britain and Northern Ireland,rural,Sanitation,2004,0.225,27442.53225,Unimproved
GBR,United Kingdom of Great Britain and Northern Ireland,urban,Sanitation,2004,0.1625,77473.63,Unimproved
GBR,United Kingdom of Great Britain and Northern Ireland,total,Sanitation,2005,1.31544,793051.31792,Basic service
GBR,United Kingdom of Great Britain and Northern Ireland,rural,Sanitation,2005,5.96491,722281.73663,Basic service
GBR,United Kingdom of Great Britain and Northern Ireland,urban,Sanitation,2005,0.14689,70769.59815,Basic service
GBR,United Kingdom of Great Britain and Northern Ireland,total,Sanitation,2005,0.7005,422318.32941,Limited service
GBR,United Kingdom of Great Britain and Northern Ireland,rural,Sanitation,2005,0.30023,36353.83486,Limited service
GBR,United Kingdom of Great Britain and Northern Ireland,urban,Sanitation,2005,0.8011,385964.493,Limited service
GBR,United Kingdom of Great Britain and Northern Ireland,total,Sanitation,2005,0,0,Open defecation
GBR,United Kingdom of Great Britain and Northern Ireland,rural,Sanitation,2005,0,0,Open defecation
GBR,United Kingdom of Great Britain and Northern Ireland,urban,Sanitation,2005,0,0,Open defecation
GBR,United Kingdom of Great Britain and Northern Ireland,total,Sanitation,2005,97.80901,58967046.40809,Safely managed service
GBR,United Kingdom of Great Britain and Northern Ireland,rural,Sanitation,2005,93.50986,11322955.54764,Safely managed service
GBR,United Kingdom of Great Britain and Northern Ireland,urban,Sanitation,2005,98.88951,47644090.84342,Safely managed service
GBR,United Kingdom of Great Britain and Northern Ireland,total,Sanitation,2005,0.17505,105535.94458,Unimproved
GBR,United Kingdom of Great Britain and Northern Ireland,rural,Sanitation,2005,0.225,27244.881,Unimproved
GBR,United Kingdom of Great Britain and Northern Ireland,urban,Sanitation,2005,0.1625,78291.0635,Unimproved
GBR,United Kingdom of Great Britain and Northern Ireland,total,Sanitation,2006,1.29892,790018.22728,Basic service
GBR,United Kingdom of Great Britain and Northern Ireland,rural,Sanitation,2006,5.96491,718368.81224,Basic service
GBR,United Kingdom of Great Britain and Northern Ireland,urban,Sanitation,2006,0.14689,71649.45461,Basic service
GBR,United Kingdom of Great Britain and Northern Ireland,total,Sanitation,2006,0.70192,426919.93919,Limited service
GBR,United Kingdom of Great Britain and Northern Ireland,rural,Sanitation,2006,0.30023,36156.88982,Limited service
GBR,United Kingdom of Great Britain and Northern Ireland,urban,Sanitation,2006,0.8011,390763.06979,Limited service
GBR,United Kingdom of Great Britain and Northern Ireland,total,Sanitation,2006,0,0,Open defecation
GBR,United Kingdom of Great Britain and Northern Ireland,rural,Sanitation,2006,0,0,Open defecation
GBR,United Kingdom of Great Britain and Northern Ireland,urban,Sanitation,2006,0,0,Open defecation
GBR,United Kingdom of Great Britain and Northern Ireland,total,Sanitation,2006,97.82428,59498046.16872,Safely managed service
GBR,United Kingdom of Great Britain and Northern Ireland,rural,Sanitation,2006,93.50986,11261614.01481,Safely managed service
GBR,United Kingdom of Great Britain and Northern Ireland,urban,Sanitation,2006,98.88951,48236435.04166,Safely managed service
GBR,United Kingdom of Great Britain and Northern Ireland,total,Sanitation,2006,0.17488,106363.66299,Unimproved
GBR,United Kingdom of Great Britain and Northern Ireland,rural,Sanitation,2006,0.225,27097.28325,Unimproved
GBR,United Kingdom of Great Britain and Northern Ireland,urban,Sanitation,2006,0.1625,79264.432,Unimproved
GBR,United Kingdom of Great Britain and Northern Ireland,total,Sanitation,2007,1.27175,781554.91412,Basic service
GBR,United Kingdom of Great Britain and Northern Ireland,rural,Sanitation,2007,5.95478,714375.09804,Basic service
GBR,United Kingdom of Great Britain and Northern Ireland,urban,Sanitation,2007,0.13583,67179.80946,Basic service
GBR,United Kingdom of Great Britain and Northern Ireland,total,Sanitation,2007,0.70333,432230.66707,Limited service
GBR,United Kingdom of Great Britain and Northern Ireland,rural,Sanitation,2007,0.30023,36017.0507,Limited service
GBR,United Kingdom of Great Britain and Northern Ireland,urban,Sanitation,2007,0.8011,396213.61649,Limited service
GBR,United Kingdom of Great Britain and Northern Ireland,total,Sanitation,2007,0,0,Open defecation
GBR,United Kingdom of Great Britain and Northern Ireland,rural,Sanitation,2007,0,0,Open defecation
GBR,United Kingdom of Great Britain and Northern Ireland,urban,Sanitation,2007,0,0,Open defecation
GBR,United Kingdom of Great Britain and Northern Ireland,total,Sanitation,2007,97.85022,60134002.90826,Safely managed service
GBR,United Kingdom of Great Britain and Northern Ireland,rural,Sanitation,2007,93.51999,11219274.36791,Safely managed service
GBR,United Kingdom of Great Britain and Northern Ireland,urban,Sanitation,2007,98.90057,48914728.52306,Safely managed service
GBR,United Kingdom of Great Britain and Northern Ireland,total,Sanitation,2007,0.1747,107363.5087,Unimproved
GBR,United Kingdom of Great Britain and Northern Ireland,rural,Sanitation,2007,0.225,26992.48275,Unimproved
GBR,United Kingdom of Great Britain and Northern Ireland,urban,Sanitation,2007,0.1625,80370.0495,Unimproved
GBR,United Kingdom of Great Britain and Northern Ireland,total,Sanitation,2008,1.24469,773515.29807,Basic service
GBR,United Kingdom of Great Britain and Northern Ireland,rural,Sanitation,2008,5.94465,710896.17647,Basic service
GBR,United Kingdom of Great Britain and Northern Ireland,urban,Sanitation,2008,0.12477,62619.13532,Basic service
GBR,United Kingdom of Great Britain and Northern Ireland,total,Sanitation,2008,0.70472,437948.56009,Limited service
GBR,United Kingdom of Great Britain and Northern Ireland,rural,Sanitation,2008,0.30023,35902.73377,Limited service
GBR,United Kingdom of Great Britain and Northern Ireland,urban,Sanitation,2008,0.8011,402045.80881,Limited service
GBR,United Kingdom of Great Britain and Northern Ireland,total,Sanitation,2008,0,0,Open defecation
GBR,United Kingdom of Great Britain and Northern Ireland,rural,Sanitation,2008,0,0,Open defecation
GBR,United Kingdom of Great Britain and Northern Ireland,urban,Sanitation,2008,0,0,Open defecation
GBR,United Kingdom of Great Britain and Northern Ireland,total,Sanitation,2008,97.87606,60825172.24969,Safely managed service
GBR,United Kingdom of Great Britain and Northern Ireland,rural,Sanitation,2008,93.53012,11184876.28026,Safely managed service
GBR,United Kingdom of Great Britain and Northern Ireland,urban,Sanitation,2008,98.91162,49640293.97288,Safely managed service
GBR,United Kingdom of Great Britain and Northern Ireland,total,Sanitation,2008,0.17453,108459.89464,Unimproved
GBR,United Kingdom of Great Britain and Northern Ireland,rural,Sanitation,2008,0.225,26906.8095,Unimproved
GBR,United Kingdom of Great Britain and Northern Ireland,urban,Sanitation,2008,0.1625,81553.082,Unimproved
GBR,United Kingdom of Great Britain and Northern Ireland,total,Sanitation,2009,1.21786,765167.03096,Basic service
GBR,United Kingdom of Great Britain and Northern Ireland,rural,Sanitation,2009,5.93452,707273.99581,Basic service
GBR,United Kingdom of Great Britain and Northern Ireland,urban,Sanitation,2009,0.11371,57893.05193,Basic service
GBR,United Kingdom of Great Britain and Northern Ireland,total,Sanitation,2009,0.70609,443627.75461,Limited service
GBR,United Kingdom of Great Britain and Northern Ireland,rural,Sanitation,2009,0.30023,35780.7791,Limited service
GBR,United Kingdom of Great Britain and Northern Ireland,urban,Sanitation,2009,0.8011,407846.9824,Limited service
GBR,United Kingdom of Great Britain and Northern Ireland,total,Sanitation,2009,0,0,Open defecation
GBR,United Kingdom of Great Britain and Northern Ireland,rural,Sanitation,2009,0,0,Open defecation
GBR,United Kingdom of Great Britain and Northern Ireland,urban,Sanitation,2009,0,0,Open defecation
GBR,United Kingdom of Great Britain and Northern Ireland,total,Sanitation,2009,97.90169,61510279.97947,Safely managed service
GBR,United Kingdom of Great Britain and Northern Ireland,rural,Sanitation,2009,93.54025,11148090.81344,Safely managed service
GBR,United Kingdom of Great Britain and Northern Ireland,urban,Sanitation,2009,98.92268,50362190.14317,Safely managed service
GBR,United Kingdom of Great Britain and Northern Ireland,total,Sanitation,2009,0.17436,109545.23308,Unimproved
GBR,United Kingdom of Great Britain and Northern Ireland,rural,Sanitation,2009,0.225,26815.41225,Unimproved
GBR,United Kingdom of Great Britain and Northern Ireland,urban,Sanitation,2009,0.1625,82729.8225,Unimproved
GBR,United Kingdom of Great Britain and Northern Ireland,total,Sanitation,2010,1.1912,755936.27251,Basic service
GBR,United Kingdom of Great Britain and Northern Ireland,rural,Sanitation,2010,5.92439,702971.27605,Basic service
GBR,United Kingdom of Great Britain and Northern Ireland,urban,Sanitation,2010,0.10266,52965.01567,Basic service
GBR,United Kingdom of Great Britain and Northern Ireland,total,Sanitation,2010,0.70745,448945.84425,Limited service
GBR,United Kingdom of Great Britain and Northern Ireland,rural,Sanitation,2010,0.30023,35623.92019,Limited service
GBR,United Kingdom of Great Britain and Northern Ireland,urban,Sanitation,2010,0.8011,413321.94673,Limited service
GBR,United Kingdom of Great Britain and Northern Ireland,total,Sanitation,2010,0,0,Open defecation
GBR,United Kingdom of Great Britain and Northern Ireland,rural,Sanitation,2010,0,0,Open defecation
GBR,United Kingdom of Great Britain and Northern Ireland,urban,Sanitation,2010,0,0,Open defecation
GBR,United Kingdom of Great Britain and Northern Ireland,total,Sanitation,2010,97.92716,62144378.66325,Safely managed service
GBR,United Kingdom of Great Britain and Northern Ireland,rural,Sanitation,2010,93.55038,11100420.94727,Safely managed service
GBR,United Kingdom of Great Britain and Northern Ireland,urban,Sanitation,2010,98.93374,51043960.64512,Safely managed service
GBR,United Kingdom of Great Britain and Northern Ireland,total,Sanitation,2010,0.17419,110539.22125,Unimproved
GBR,United Kingdom of Great Britain and Northern Ireland,rural,Sanitation,2010,0.225,26697.8565,Unimproved
GBR,United Kingdom of Great Britain and Northern Ireland,urban,Sanitation,2010,0.1625,83840.393,Unimproved
GBR,United Kingdom of Great Britain and Northern Ireland,total,Sanitation,2011,1.16472,745673.31783,Basic service
GBR,United Kingdom of Great Britain and Northern Ireland,rural,Sanitation,2011,5.91426,697837.72065,Basic service
GBR,United Kingdom of Great Britain and Northern Ireland,urban,Sanitation,2011,0.0916,47835.60567,Basic service
GBR,United Kingdom of Great Britain and Northern Ireland,total,Sanitation,2011,0.70879,453781.95078,Limited service
GBR,United Kingdom of Great Britain and Northern Ireland,rural,Sanitation,2011,0.30023,35424.34817,Limited service
GBR,United Kingdom of Great Britain and Northern Ireland,urban,Sanitation,2011,0.8011,418357.61805,Limited service
GBR,United Kingdom of Great Britain and Northern Ireland,total,Sanitation,2011,0,0,Open defecation
GBR,United Kingdom of Great Britain and Northern Ireland,rural,Sanitation,2011,0,0,Open defecation
GBR,United Kingdom of Great Britain and Northern Ireland,urban,Sanitation,2011,0,0,Open defecation
GBR,United Kingdom of Great Britain and Northern Ireland,total,Sanitation,2011,97.95247,62711052.63445,Safely managed service
GBR,United Kingdom of Great Britain and Northern Ireland,rural,Sanitation,2011,93.56051,11039429.64165,Safely managed service
GBR,United Kingdom of Great Britain and Northern Ireland,urban,Sanitation,2011,98.9448,51671624.92285,Safely managed service
GBR,United Kingdom of Great Britain and Northern Ireland,total,Sanitation,2011,0.17402,111412.09502,Unimproved
GBR,United Kingdom of Great Britain and Northern Ireland,rural,Sanitation,2011,0.225,26548.29,Unimproved
GBR,United Kingdom of Great Britain and Northern Ireland,urban,Sanitation,2011,0.1625,84861.855,Unimproved
GBR,United Kingdom of Great Britain and Northern Ireland,total,Sanitation,2012,1.13828,734478.41707,Basic service
GBR,United Kingdom of Great Britain and Northern Ireland,rural,Sanitation,2012,5.90413,691948.03107,Basic service
GBR,United Kingdom of Great Britain and Northern Ireland,urban,Sanitation,2012,0.08054,42530.36698,Basic service
GBR,United Kingdom of Great Britain and Northern Ireland,total,Sanitation,2012,0.71013,458212.80892,Limited service
GBR,United Kingdom of Great Britain and Northern Ireland,rural,Sanitation,2012,0.30023,35185.64174,Limited service
GBR,United Kingdom of Great Britain and Northern Ireland,urban,Sanitation,2012,0.8011,423027.15311,Limited service
GBR,United Kingdom of Great Britain and Northern Ireland,total,Sanitation,2012,0,0,Open defecation
GBR,United Kingdom of Great Britain and Northern Ireland,rural,Sanitation,2012,0,0,Open defecation
GBR,United Kingdom of Great Britain and Northern Ireland,urban,Sanitation,2012,0,0,Open defecation
GBR,United Kingdom of Great Britain and Northern Ireland,total,Sanitation,2012,97.97774,63220431.30702,Safely managed service
GBR,United Kingdom of Great Britain and Northern Ireland,rural,Sanitation,2012,93.57065,10966227.93233,Safely managed service
GBR,United Kingdom of Great Britain and Northern Ireland,urban,Sanitation,2012,98.95586,52254201.43402,Safely managed service
GBR,United Kingdom of Great Britain and Northern Ireland,total,Sanitation,2012,0.17385,112177.46957,Unimproved
GBR,United Kingdom of Great Britain and Northern Ireland,rural,Sanitation,2012,0.225,26369.39475,Unimproved
GBR,United Kingdom of Great Britain and Northern Ireland,urban,Sanitation,2012,0.1625,85809.048,Unimproved
GBR,United Kingdom of Great Britain and Northern Ireland,total,Sanitation,2013,1.1168,725738.90887,Basic service
GBR,United Kingdom of Great Britain and Northern Ireland,rural,Sanitation,2013,5.8985,686045.11332,Basic service
GBR,United Kingdom of Great Britain and Northern Ireland,urban,Sanitation,2013,0.0744,39693.79992,Basic service
GBR,United Kingdom of Great Britain and Northern Ireland,total,Sanitation,2013,0.71146,462332.82449,Limited service
GBR,United Kingdom of Great Britain and Northern Ireland,rural,Sanitation,2013,0.30023,34918.76513,Limited service
GBR,United Kingdom of Great Britain and Northern Ireland,urban,Sanitation,2013,0.8011,427414.05893,Limited service
GBR,United Kingdom of Great Britain and Northern Ireland,total,Sanitation,2013,0,0,Open defecation
GBR,United Kingdom of Great Britain and Northern Ireland,rural,Sanitation,2013,0,0,Open defecation
GBR,United Kingdom of Great Britain and Northern Ireland,urban,Sanitation,2013,0,0,Open defecation
GBR,United Kingdom of Great Britain and Northern Ireland,total,Sanitation,2013,97.99806,63683074.99009,Safely managed service
GBR,United Kingdom of Great Britain and Northern Ireland,rural,Sanitation,2013,93.57627,10883705.73392,Safely managed service
GBR,United Kingdom of Great Britain and Northern Ireland,urban,Sanitation,2013,98.962,52799369.23282,Safely managed service
GBR,United Kingdom of Great Britain and Northern Ireland,total,Sanitation,2013,0.17369,112869.27525,Unimproved
GBR,United Kingdom of Great Britain and Northern Ireland,rural,Sanitation,2013,0.225,26169.38775,Unimproved
GBR,United Kingdom of Great Britain and Northern Ireland,urban,Sanitation,2013,0.1625,86698.911,Unimproved
GBR,United Kingdom of Great Britain and Northern Ireland,total,Sanitation,2014,1.10148,720620.92291,Basic service
GBR,United Kingdom of Great Britain and Northern Ireland,rural,Sanitation,2014,5.8985,680530.89999,Basic service
GBR,United Kingdom of Great Britain and Northern Ireland,urban,Sanitation,2014,0.0744,40089.98221,Basic service
GBR,United Kingdom of Great Britain and Northern Ireland,total,Sanitation,2014,0.71277,466318.16605,Limited service
GBR,United Kingdom of Great Britain and Northern Ireland,rural,Sanitation,2014,0.30023,34638.09915,Limited service
GBR,United Kingdom of Great Britain and Northern Ireland,urban,Sanitation,2014,0.8011,431680.06223,Limited service
GBR,United Kingdom of Great Britain and Northern Ireland,total,Sanitation,2014,0,0,Open defecation
GBR,United Kingdom of Great Britain and Northern Ireland,rural,Sanitation,2014,0,0,Open defecation
GBR,United Kingdom of Great Britain and Northern Ireland,urban,Sanitation,2014,0,0,Open defecation
GBR,United Kingdom of Great Britain and Northern Ireland,total,Sanitation,2014,98.01222,64122584.63471,Safely managed service
GBR,United Kingdom of Great Britain and Northern Ireland,rural,Sanitation,2014,93.57627,10796225.95447,Safely managed service
GBR,United Kingdom of Great Britain and Northern Ireland,urban,Sanitation,2014,98.962,53326357.70875,Safely managed service
GBR,United Kingdom of Great Britain and Northern Ireland,total,Sanitation,2014,0.17352,113524.27438,Unimproved
GBR,United Kingdom of Great Britain and Northern Ireland,rural,Sanitation,2014,0.225,25959.0465,Unimproved
GBR,United Kingdom of Great Britain and Northern Ireland,urban,Sanitation,2014,0.1625,87564.2495,Unimproved
GBR,United Kingdom of Great Britain and Northern Ireland,total,Sanitation,2015,1.08628,715424.23922,Basic service
GBR,United Kingdom of Great Britain and Northern Ireland,rural,Sanitation,2015,5.8985,674938.53153,Basic service
GBR,United Kingdom of Great Britain and Northern Ireland,urban,Sanitation,2015,0.0744,40485.71514,Basic service
GBR,United Kingdom of Great Britain and Northern Ireland,total,Sanitation,2015,0.71408,470294.69082,Limited service
GBR,United Kingdom of Great Britain and Northern Ireland,rural,Sanitation,2015,0.30023,34353.45519,Limited service
GBR,United Kingdom of Great Britain and Northern Ireland,urban,Sanitation,2015,0.8011,435941.22687,Limited service
GBR,United Kingdom of Great Britain and Northern Ireland,total,Sanitation,2015,0,0,Open defecation
GBR,United Kingdom of Great Britain and Northern Ireland,rural,Sanitation,2015,0,0,Open defecation
GBR,United Kingdom of Great Britain and Northern Ireland,urban,Sanitation,2015,0,0,Open defecation
GBR,United Kingdom of Great Britain and Northern Ireland,total,Sanitation,2015,98.02628,64560255.71471,Safely managed service
GBR,United Kingdom of Great Britain and Northern Ireland,rural,Sanitation,2015,93.57627,10707506.28939,Safely managed service
GBR,United Kingdom of Great Britain and Northern Ireland,urban,Sanitation,2015,98.962,53852748.45422,Safely managed service
GBR,United Kingdom of Great Britain and Northern Ireland,total,Sanitation,2015,0.17336,114173.35525,Unimproved
GBR,United Kingdom of Great Britain and Northern Ireland,rural,Sanitation,2015,0.225,25745.724,Unimproved
GBR,United Kingdom of Great Britain and Northern Ireland,urban,Sanitation,2015,0.1625,88428.6065,Unimproved
GBR,United Kingdom of Great Britain and Northern Ireland,total,Sanitation,2016,1.07114,710140.60445,Basic service
GBR,United Kingdom of Great Britain and Northern Ireland,rural,Sanitation,2016,5.8985,669257.5086,Basic service
GBR,United Kingdom of Great Britain and Northern Ireland,urban,Sanitation,2016,0.0744,40883.08185,Basic service
GBR,United Kingdom of Great Britain and Northern Ireland,total,Sanitation,2016,0.71538,474284.29697,Limited service
GBR,United Kingdom of Great Britain and Northern Ireland,rural,Sanitation,2016,0.30023,34064.29883,Limited service
GBR,United Kingdom of Great Britain and Northern Ireland,urban,Sanitation,2016,0.8011,440219.98373,Limited service
GBR,United Kingdom of Great Britain and Northern Ireland,total,Sanitation,2016,0,0,Open defecation
GBR,United Kingdom of Great Britain and Northern Ireland,rural,Sanitation,2016,0,0,Open defecation
GBR,United Kingdom of Great Britain and Northern Ireland,urban,Sanitation,2016,0,0,Open defecation
GBR,United Kingdom of Great Britain and Northern Ireland,total,Sanitation,2016,98.04029,64998694.51966,Safely managed service
GBR,United Kingdom of Great Britain and Northern Ireland,rural,Sanitation,2016,93.57627,10617380.17293,Safely managed service
GBR,United Kingdom of Great Britain and Northern Ireland,urban,Sanitation,2016,98.962,54381312.40516,Safely managed service
GBR,United Kingdom of Great Britain and Northern Ireland,total,Sanitation,2016,0.17319,114824.57826,Unimproved
GBR,United Kingdom of Great Britain and Northern Ireland,rural,Sanitation,2016,0.225,25529.01975,Unimproved
GBR,United Kingdom of Great Britain and Northern Ireland,urban,Sanitation,2016,0.1625,89296.532,Unimproved
GBR,United Kingdom of Great Britain and Northern Ireland,total,Sanitation,2017,1.05617,704753.44983,Basic service
GBR,United Kingdom of Great Britain and Northern Ireland,rural,Sanitation,2017,5.8985,663477.92173,Basic service
GBR,United Kingdom of Great Britain and Northern Ireland,urban,Sanitation,2017,0.0744,41275.53233,Basic service
GBR,United Kingdom of Great Britain and Northern Ireland,total,Sanitation,2017,0.71667,478215.94582,Limited service
GBR,United Kingdom of Great Britain and Northern Ireland,rural,Sanitation,2017,0.30023,33770.12571,Limited service
GBR,United Kingdom of Great Britain and Northern Ireland,urban,Sanitation,2017,0.8011,444445.80369,Limited service
GBR,United Kingdom of Great Britain and Northern Ireland,total,Sanitation,2017,0,0,Open defecation
GBR,United Kingdom of Great Britain and Northern Ireland,rural,Sanitation,2017,0,0,Open defecation
GBR,United Kingdom of Great Britain and Northern Ireland,urban,Sanitation,2017,0,0,Open defecation
GBR,United Kingdom of Great Britain and Northern Ireland,total,Sanitation,2017,98.05413,65429029.29979,Safely managed service
GBR,United Kingdom of Great Britain and Northern Ireland,rural,Sanitation,2017,93.57627,10525690.39692,Safely managed service
GBR,United Kingdom of Great Britain and Northern Ireland,urban,Sanitation,2017,98.962,54903336.94725,Safely managed service
GBR,United Kingdom of Great Britain and Northern Ireland,total,Sanitation,2017,0.17303,115461.3019,Unimproved
GBR,United Kingdom of Great Britain and Northern Ireland,rural,Sanitation,2017,0.225,25308.55575,Unimproved
GBR,United Kingdom of Great Britain and Northern Ireland,urban,Sanitation,2017,0.1625,90153.7195,Unimproved
GBR,United Kingdom of Great Britain and Northern Ireland,total,Sanitation,2018,1.04132,699156.76847,Basic service
GBR,United Kingdom of Great Britain and Northern Ireland,rural,Sanitation,2018,5.8985,657497.60889,Basic service
GBR,United Kingdom of Great Britain and Northern Ireland,urban,Sanitation,2018,0.0744,41659.13537,Basic service
GBR,United Kingdom of Great Britain and Northern Ireland,total,Sanitation,2018,0.71795,482042.09829,Limited service
GBR,United Kingdom of Great Britain and Northern Ireland,rural,Sanitation,2018,0.30023,33465.7359,Limited service
GBR,United Kingdom of Great Britain and Northern Ireland,urban,Sanitation,2018,0.8011,448576.35645,Limited service
GBR,United Kingdom of Great Britain and Northern Ireland,total,Sanitation,2018,0,0,Open defecation
GBR,United Kingdom of Great Britain and Northern Ireland,rural,Sanitation,2018,0,0,Open defecation
GBR,United Kingdom of Great Britain and Northern Ireland,urban,Sanitation,2018,0,0,Open defecation
GBR,United Kingdom of Great Britain and Northern Ireland,total,Sanitation,2018,98.06786,65844410.0936,Safely managed service
GBR,United Kingdom of Great Britain and Northern Ireland,rural,Sanitation,2018,93.57627,10430816.22033,Safely managed service
GBR,United Kingdom of Great Britain and Northern Ireland,urban,Sanitation,2018,98.962,55413592.92848,Safely managed service
GBR,United Kingdom of Great Britain and Northern Ireland,total,Sanitation,2018,0.17287,116071.043,Unimproved
GBR,United Kingdom of Great Britain and Northern Ireland,rural,Sanitation,2018,0.225,25080.435,Unimproved
GBR,United Kingdom of Great Britain and Northern Ireland,urban,Sanitation,2018,0.1625,90991.5825,Unimproved
GBR,United Kingdom of Great Britain and Northern Ireland,total,Sanitation,2019,1.02652,693212.27562,Basic service
GBR,United Kingdom of Great Britain and Northern Ireland,rural,Sanitation,2019,5.8985,651184.50263,Basic service
GBR,United Kingdom of Great Britain and Northern Ireland,urban,Sanitation,2019,0.0744,42027.79033,Basic service
GBR,United Kingdom of Great Britain and Northern Ireland,total,Sanitation,2019,0.71922,485690.35274,Limited service
GBR,United Kingdom of Great Britain and Northern Ireland,rural,Sanitation,2019,0.30023,33144.40736,Limited service
GBR,United Kingdom of Great Britain and Northern Ireland,urban,Sanitation,2019,0.8011,452545.95153,Limited service
GBR,United Kingdom of Great Britain and Northern Ireland,total,Sanitation,2019,0,0,Open defecation
GBR,United Kingdom of Great Britain and Northern Ireland,rural,Sanitation,2019,0,0,Open defecation
GBR,United Kingdom of Great Britain and Northern Ireland,urban,Sanitation,2019,0,0,Open defecation
GBR,United Kingdom of Great Britain and Northern Ireland,total,Sanitation,2019,98.08154,66234627.00346,Safely managed service
GBR,United Kingdom of Great Britain and Northern Ireland,rural,Sanitation,2019,93.57627,10330662.47037,Safely managed service
GBR,United Kingdom of Great Britain and Northern Ireland,urban,Sanitation,2019,98.962,55903965.46496,Safely managed service
GBR,United Kingdom of Great Britain and Northern Ireland,total,Sanitation,2019,0.17272,116638.36684,Unimproved
GBR,United Kingdom of Great Britain and Northern Ireland,rural,Sanitation,2019,0.225,24839.61975,Unimproved
GBR,United Kingdom of Great Britain and Northern Ireland,urban,Sanitation,2019,0.1625,91796.796,Unimproved
GBR,United Kingdom of Great Britain and Northern Ireland,total,Sanitation,2020,1.0119,686941.07358,Basic service
GBR,United Kingdom of Great Britain and Northern Ireland,rural,Sanitation,2020,5.8985,644565.08724,Basic service
GBR,United Kingdom of Great Britain and Northern Ireland,urban,Sanitation,2020,0.0744,42376.0215,Basic service
GBR,United Kingdom of Great Britain and Northern Ireland,total,Sanitation,2020,0.72048,489103.10305,Limited service
GBR,United Kingdom of Great Britain and Northern Ireland,rural,Sanitation,2020,0.30023,32807.4881,Limited service
GBR,United Kingdom of Great Britain and Northern Ireland,urban,Sanitation,2020,0.8011,456295.62772,Limited service
GBR,United Kingdom of Great Britain and Northern Ireland,total,Sanitation,2020,0,0,Open defecation
GBR,United Kingdom of Great Britain and Northern Ireland,rural,Sanitation,2020,0,0,Open defecation
GBR,United Kingdom of Great Britain and Northern Ireland,urban,Sanitation,2020,0,0,Open defecation
GBR,United Kingdom of Great Britain and Northern Ireland,total,Sanitation,2020,98.09506,66592818.33088,Safely managed service
GBR,United Kingdom of Great Britain and Northern Ireland,rural,Sanitation,2020,93.57627,10225649.30452,Safely managed service
GBR,United Kingdom of Great Britain and Northern Ireland,urban,Sanitation,2020,98.962,56367170.95362,Safely managed service
GBR,United Kingdom of Great Britain and Northern Ireland,total,Sanitation,2020,0.17256,117145.49318,Unimproved
GBR,United Kingdom of Great Britain and Northern Ireland,rural,Sanitation,2020,0.225,24587.12025,Unimproved
GBR,United Kingdom of Great Britain and Northern Ireland,urban,Sanitation,2020,0.1625,92557.4,Unimproved
