"Year","Series","Manufacturing industry","Observation status","Unit multiplier","Units","Value"
"1990","Proportion of medium and high-tech manufacturing value added in total value added","","Normal value","Units","Percentage (%)",40.2093021400825
"1991","Proportion of medium and high-tech manufacturing value added in total value added","","Normal value","Units","Percentage (%)",40.3340446625107
"1992","Proportion of medium and high-tech manufacturing value added in total value added","","Normal value","Units","Percentage (%)",40.1462430660615
"1993","Proportion of medium and high-tech manufacturing value added in total value added","","Normal value","Units","Percentage (%)",39.8714252576465
"1994","Proportion of medium and high-tech manufacturing value added in total value added","","Normal value","Units","Percentage (%)",40.115166184171
"1995","Proportion of medium and high-tech manufacturing value added in total value added","","Normal value","Units","Percentage (%)",40.5662729454296
"1996","Proportion of medium and high-tech manufacturing value added in total value added","","Normal value","Units","Percentage (%)",41.2662691691994
"1997","Proportion of medium and high-tech manufacturing value added in total value added","","Normal value","Units","Percentage (%)",41.5836537668743
"1998","Proportion of medium and high-tech manufacturing value added in total value added","","Normal value","Units","Percentage (%)",41.402677339421
"1999","Proportion of medium and high-tech manufacturing value added in total value added","","Normal value","Units","Percentage (%)",41.6262789445342
"2000","Proportion of medium and high-tech manufacturing value added in total value added","","Normal value","Units","Percentage (%)",43.2499818130113
"2001","Proportion of medium and high-tech manufacturing value added in total value added","","Normal value","Units","Percentage (%)",44.6422080282495
"2002","Proportion of medium and high-tech manufacturing value added in total value added","","Normal value","Units","Percentage (%)",45.0058503076129
"2003","Proportion of medium and high-tech manufacturing value added in total value added","","Normal value","Units","Percentage (%)",44.9471257056532
"2004","Proportion of medium and high-tech manufacturing value added in total value added","","Normal value","Units","Percentage (%)",45.648669219751
"2005","Proportion of medium and high-tech manufacturing value added in total value added","","Normal value","Units","Percentage (%)",47.1097057593904
"2006","Proportion of medium and high-tech manufacturing value added in total value added","","Normal value","Units","Percentage (%)",48.242556563468
"2007","Proportion of medium and high-tech manufacturing value added in total value added","","Normal value","Units","Percentage (%)",48.2893391193786
"2008","Proportion of medium and high-tech manufacturing value added in total value added","","Normal value","Units","Percentage (%)",51.4048272078991
"2009","Proportion of medium and high-tech manufacturing value added in total value added","","Normal value","Units","Percentage (%)",47.0277140292862
"2010","Proportion of medium and high-tech manufacturing value added in total value added","","Normal value","Units","Percentage (%)",47.6285710894568
"2011","Proportion of medium and high-tech manufacturing value added in total value added","","Normal value","Units","Percentage (%)",51.3087306784253
"2012","Proportion of medium and high-tech manufacturing value added in total value added","","Normal value","Units","Percentage (%)",48.3563333137589
"2013","Proportion of medium and high-tech manufacturing value added in total value added","","Normal value","Units","Percentage (%)",47.4150121613213
"2014","Proportion of medium and high-tech manufacturing value added in total value added","","Normal value","Units","Percentage (%)",47.3977307641663
"2015","Proportion of medium and high-tech manufacturing value added in total value added","","Normal value","Units","Percentage (%)",47.30398030544
"2016","Proportion of medium and high-tech manufacturing value added in total value added","","Normal value","Units","Percentage (%)",44.9433645873862
"2017","Proportion of medium and high-tech manufacturing value added in total value added","","Normal value","Units","Percentage (%)",45.7442661295562
"2018","Proportion of medium and high-tech manufacturing value added in total value added","","Normal value","Units","Percentage (%)",44.9585197952467
"2019","Proportion of medium and high-tech manufacturing value added in total value added","","Normal value","Units","Percentage (%)",44.3962133456477
"2020","Proportion of medium and high-tech manufacturing value added in total value added","","Normal value","Units","Percentage (%)",45.0162469120617
"2021","Proportion of medium and high-tech manufacturing value added in total value added","","Normal value","Units","Percentage (%)",44.9445187103288
"2022","Proportion of medium and high-tech manufacturing value added in total value added","","Normal value","Units","Percentage (%)",43.4562520626662
"1990","Proportion of medium and high-tech manufacturing value added in total value added","Air, spacecraft and related machinery","Normal value","Units","Percentage (%)",6.40908039467492
"1991","Proportion of medium and high-tech manufacturing value added in total value added","Air, spacecraft and related machinery","Normal value","Units","Percentage (%)",6.29778367751584
"1992","Proportion of medium and high-tech manufacturing value added in total value added","Air, spacecraft and related machinery","Normal value","Units","Percentage (%)",6.18843503109766
"1993","Proportion of medium and high-tech manufacturing value added in total value added","Air, spacecraft and related machinery","Normal value","Units","Percentage (%)",5.9954601186334
"1994","Proportion of medium and high-tech manufacturing value added in total value added","Air, spacecraft and related machinery","Normal value","Units","Percentage (%)",5.8935661968266
"1995","Proportion of medium and high-tech manufacturing value added in total value added","Air, spacecraft and related machinery","Normal value","Units","Percentage (%)",5.80297316670303
"1996","Proportion of medium and high-tech manufacturing value added in total value added","Air, spacecraft and related machinery","Normal value","Units","Percentage (%)",6.13646381922372
"1997","Proportion of medium and high-tech manufacturing value added in total value added","Air, spacecraft and related machinery","Normal value","Units","Percentage (%)",6.20104487568678
"1998","Proportion of medium and high-tech manufacturing value added in total value added","Air, spacecraft and related machinery","Normal value","Units","Percentage (%)",6.13851944430397
"1999","Proportion of medium and high-tech manufacturing value added in total value added","Air, spacecraft and related machinery","Normal value","Units","Percentage (%)",6.52140894467227
"2000","Proportion of medium and high-tech manufacturing value added in total value added","Air, spacecraft and related machinery","Normal value","Units","Percentage (%)",7.78799923283975
"2001","Proportion of medium and high-tech manufacturing value added in total value added","Air, spacecraft and related machinery","Normal value","Units","Percentage (%)",7.8198836786623
"2002","Proportion of medium and high-tech manufacturing value added in total value added","Air, spacecraft and related machinery","Normal value","Units","Percentage (%)",7.24431639470075
"2003","Proportion of medium and high-tech manufacturing value added in total value added","Air, spacecraft and related machinery","Normal value","Units","Percentage (%)",7.73145118378481
"2004","Proportion of medium and high-tech manufacturing value added in total value added","Air, spacecraft and related machinery","Normal value","Units","Percentage (%)",8.34487015827925
"2005","Proportion of medium and high-tech manufacturing value added in total value added","Air, spacecraft and related machinery","Normal value","Units","Percentage (%)",8.55282140060179
"2006","Proportion of medium and high-tech manufacturing value added in total value added","Air, spacecraft and related machinery","Normal value","Units","Percentage (%)",8.7559084788403
"2007","Proportion of medium and high-tech manufacturing value added in total value added","Air, spacecraft and related machinery","Normal value","Units","Percentage (%)",7.88744851985959
"2008","Proportion of medium and high-tech manufacturing value added in total value added","Air, spacecraft and related machinery","Normal value","Units","Percentage (%)",7.25397696105321
"2009","Proportion of medium and high-tech manufacturing value added in total value added","Air, spacecraft and related machinery","Normal value","Units","Percentage (%)",6.24514356963444
"2010","Proportion of medium and high-tech manufacturing value added in total value added","Air, spacecraft and related machinery","Normal value","Units","Percentage (%)",5.88525037684118
"2011","Proportion of medium and high-tech manufacturing value added in total value added","Air, spacecraft and related machinery","Normal value","Units","Percentage (%)",7.94910458431205
"2012","Proportion of medium and high-tech manufacturing value added in total value added","Air, spacecraft and related machinery","Normal value","Units","Percentage (%)",5.10717012155734
"2013","Proportion of medium and high-tech manufacturing value added in total value added","Air, spacecraft and related machinery","Normal value","Units","Percentage (%)",3.89501668646417
"2014","Proportion of medium and high-tech manufacturing value added in total value added","Air, spacecraft and related machinery","Normal value","Units","Percentage (%)",3.66172145898257
"2015","Proportion of medium and high-tech manufacturing value added in total value added","Air, spacecraft and related machinery","Normal value","Units","Percentage (%)",3.41223502755931
"2016","Proportion of medium and high-tech manufacturing value added in total value added","Air, spacecraft and related machinery","Normal value","Units","Percentage (%)",3.74007441789098
"2017","Proportion of medium and high-tech manufacturing value added in total value added","Air, spacecraft and related machinery","Normal value","Units","Percentage (%)",4.41004483139497
"2018","Proportion of medium and high-tech manufacturing value added in total value added","Air, spacecraft and related machinery","Normal value","Units","Percentage (%)",4.18228447425528
"2019","Proportion of medium and high-tech manufacturing value added in total value added","Air, spacecraft and related machinery","Normal value","Units","Percentage (%)",4.32181431026963
"2020","Proportion of medium and high-tech manufacturing value added in total value added","Air, spacecraft and related machinery","Normal value","Units","Percentage (%)",4.6311387189028
"2021","Proportion of medium and high-tech manufacturing value added in total value added","Air, spacecraft and related machinery","Normal value","Units","Percentage (%)",4.76381890757481
"2022","Proportion of medium and high-tech manufacturing value added in total value added","Air, spacecraft and related machinery","Normal value","Units","Percentage (%)",4.6528896740502
"1990","Proportion of medium and high-tech manufacturing value added in total value added","Basic pharmaceutical products and pharmaceutical preparations","Normal value","Units","Percentage (%)",7.21948807121378
"1991","Proportion of medium and high-tech manufacturing value added in total value added","Basic pharmaceutical products and pharmaceutical preparations","Normal value","Units","Percentage (%)",7.82182044259238
"1992","Proportion of medium and high-tech manufacturing value added in total value added","Basic pharmaceutical products and pharmaceutical preparations","Normal value","Units","Percentage (%)",8.06942343250967
"1993","Proportion of medium and high-tech manufacturing value added in total value added","Basic pharmaceutical products and pharmaceutical preparations","Normal value","Units","Percentage (%)",8.13450641216821
"1994","Proportion of medium and high-tech manufacturing value added in total value added","Basic pharmaceutical products and pharmaceutical preparations","Normal value","Units","Percentage (%)",8.16604179520036
"1995","Proportion of medium and high-tech manufacturing value added in total value added","Basic pharmaceutical products and pharmaceutical preparations","Normal value","Units","Percentage (%)",8.44890454077975
"1996","Proportion of medium and high-tech manufacturing value added in total value added","Basic pharmaceutical products and pharmaceutical preparations","Normal value","Units","Percentage (%)",8.43870109582473
"1997","Proportion of medium and high-tech manufacturing value added in total value added","Basic pharmaceutical products and pharmaceutical preparations","Normal value","Units","Percentage (%)",8.32902340851341
"1998","Proportion of medium and high-tech manufacturing value added in total value added","Basic pharmaceutical products and pharmaceutical preparations","Normal value","Units","Percentage (%)",7.93304484146192
"1999","Proportion of medium and high-tech manufacturing value added in total value added","Basic pharmaceutical products and pharmaceutical preparations","Normal value","Units","Percentage (%)",8.54424699335846
"2000","Proportion of medium and high-tech manufacturing value added in total value added","Basic pharmaceutical products and pharmaceutical preparations","Normal value","Units","Percentage (%)",8.52143088613622
"2001","Proportion of medium and high-tech manufacturing value added in total value added","Basic pharmaceutical products and pharmaceutical preparations","Normal value","Units","Percentage (%)",8.9006595004414
"2002","Proportion of medium and high-tech manufacturing value added in total value added","Basic pharmaceutical products and pharmaceutical preparations","Normal value","Units","Percentage (%)",9.39005825144999
"2003","Proportion of medium and high-tech manufacturing value added in total value added","Basic pharmaceutical products and pharmaceutical preparations","Normal value","Units","Percentage (%)",8.79077192188427
"2004","Proportion of medium and high-tech manufacturing value added in total value added","Basic pharmaceutical products and pharmaceutical preparations","Normal value","Units","Percentage (%)",8.90343228033586
"2005","Proportion of medium and high-tech manufacturing value added in total value added","Basic pharmaceutical products and pharmaceutical preparations","Normal value","Units","Percentage (%)",9.35245867853757
"2006","Proportion of medium and high-tech manufacturing value added in total value added","Basic pharmaceutical products and pharmaceutical preparations","Normal value","Units","Percentage (%)",9.89742936146868
"2007","Proportion of medium and high-tech manufacturing value added in total value added","Basic pharmaceutical products and pharmaceutical preparations","Normal value","Units","Percentage (%)",9.86318029796291
"2008","Proportion of medium and high-tech manufacturing value added in total value added","Basic pharmaceutical products and pharmaceutical preparations","Normal value","Units","Percentage (%)",10.8096544157981
"2009","Proportion of medium and high-tech manufacturing value added in total value added","Basic pharmaceutical products and pharmaceutical preparations","Normal value","Units","Percentage (%)",10.0700530668546
"2010","Proportion of medium and high-tech manufacturing value added in total value added","Basic pharmaceutical products and pharmaceutical preparations","Normal value","Units","Percentage (%)",9.86671097765065
"2011","Proportion of medium and high-tech manufacturing value added in total value added","Basic pharmaceutical products and pharmaceutical preparations","Normal value","Units","Percentage (%)",9.48041259409224
"2012","Proportion of medium and high-tech manufacturing value added in total value added","Basic pharmaceutical products and pharmaceutical preparations","Normal value","Units","Percentage (%)",8.6722649597745
"2013","Proportion of medium and high-tech manufacturing value added in total value added","Basic pharmaceutical products and pharmaceutical preparations","Normal value","Units","Percentage (%)",7.95350415747497
"2014","Proportion of medium and high-tech manufacturing value added in total value added","Basic pharmaceutical products and pharmaceutical preparations","Normal value","Units","Percentage (%)",7.43317385770092
"2015","Proportion of medium and high-tech manufacturing value added in total value added","Basic pharmaceutical products and pharmaceutical preparations","Normal value","Units","Percentage (%)",7.84187708328795
"2016","Proportion of medium and high-tech manufacturing value added in total value added","Basic pharmaceutical products and pharmaceutical preparations","Normal value","Units","Percentage (%)",7.14093915597617
"2017","Proportion of medium and high-tech manufacturing value added in total value added","Basic pharmaceutical products and pharmaceutical preparations","Normal value","Units","Percentage (%)",6.91800402832824
"2018","Proportion of medium and high-tech manufacturing value added in total value added","Basic pharmaceutical products and pharmaceutical preparations","Normal value","Units","Percentage (%)",6.70951397036683
"2019","Proportion of medium and high-tech manufacturing value added in total value added","Basic pharmaceutical products and pharmaceutical preparations","Normal value","Units","Percentage (%)",7.1469252674517
"2020","Proportion of medium and high-tech manufacturing value added in total value added","Basic pharmaceutical products and pharmaceutical preparations","Normal value","Units","Percentage (%)",8.4524944391484
"2021","Proportion of medium and high-tech manufacturing value added in total value added","Basic pharmaceutical products and pharmaceutical preparations","Normal value","Units","Percentage (%)",7.99827993979789
"2022","Proportion of medium and high-tech manufacturing value added in total value added","Basic pharmaceutical products and pharmaceutical preparations","Normal value","Units","Percentage (%)",7.989070295665
"1990","Proportion of medium and high-tech manufacturing value added in total value added","Chemicals and chemical products","Normal value","Units","Percentage (%)",3.80556596925875
"1991","Proportion of medium and high-tech manufacturing value added in total value added","Chemicals and chemical products","Normal value","Units","Percentage (%)",4.12178851679465
"1992","Proportion of medium and high-tech manufacturing value added in total value added","Chemicals and chemical products","Normal value","Units","Percentage (%)",4.24777273491343
"1993","Proportion of medium and high-tech manufacturing value added in total value added","Chemicals and chemical products","Normal value","Units","Percentage (%)",4.27974947807933
"1994","Proportion of medium and high-tech manufacturing value added in total value added","Chemicals and chemical products","Normal value","Units","Percentage (%)",4.2997484694604
"1995","Proportion of medium and high-tech manufacturing value added in total value added","Chemicals and chemical products","Normal value","Units","Percentage (%)",4.45195873718328
"1996","Proportion of medium and high-tech manufacturing value added in total value added","Chemicals and chemical products","Normal value","Units","Percentage (%)",4.44439288835271
"1997","Proportion of medium and high-tech manufacturing value added in total value added","Chemicals and chemical products","Normal value","Units","Percentage (%)",4.53928777555411
"1998","Proportion of medium and high-tech manufacturing value added in total value added","Chemicals and chemical products","Normal value","Units","Percentage (%)",4.7297736615109
"1999","Proportion of medium and high-tech manufacturing value added in total value added","Chemicals and chemical products","Normal value","Units","Percentage (%)",4.9059000593734
"2000","Proportion of medium and high-tech manufacturing value added in total value added","Chemicals and chemical products","Normal value","Units","Percentage (%)",4.89659870244102
"2001","Proportion of medium and high-tech manufacturing value added in total value added","Chemicals and chemical products","Normal value","Units","Percentage (%)",4.66388845614582
"2002","Proportion of medium and high-tech manufacturing value added in total value added","Chemicals and chemical products","Normal value","Units","Percentage (%)",4.7330875784759
"2003","Proportion of medium and high-tech manufacturing value added in total value added","Chemicals and chemical products","Normal value","Units","Percentage (%)",4.98712546100635
"2004","Proportion of medium and high-tech manufacturing value added in total value added","Chemicals and chemical products","Normal value","Units","Percentage (%)",4.29709272011363
"2005","Proportion of medium and high-tech manufacturing value added in total value added","Chemicals and chemical products","Normal value","Units","Percentage (%)",4.85552945055851
"2006","Proportion of medium and high-tech manufacturing value added in total value added","Chemicals and chemical products","Normal value","Units","Percentage (%)",4.71514620887616
"2007","Proportion of medium and high-tech manufacturing value added in total value added","Chemicals and chemical products","Normal value","Units","Percentage (%)",4.31852732247989
"2008","Proportion of medium and high-tech manufacturing value added in total value added","Chemicals and chemical products","Normal value","Units","Percentage (%)",4.19692814042787
"2009","Proportion of medium and high-tech manufacturing value added in total value added","Chemicals and chemical products","Normal value","Units","Percentage (%)",4.50435798743502
"2010","Proportion of medium and high-tech manufacturing value added in total value added","Chemicals and chemical products","Normal value","Units","Percentage (%)",4.48886093076804
"2011","Proportion of medium and high-tech manufacturing value added in total value added","Chemicals and chemical products","Normal value","Units","Percentage (%)",3.773301533711
"2012","Proportion of medium and high-tech manufacturing value added in total value added","Chemicals and chemical products","Normal value","Units","Percentage (%)",4.79534911034118
"2013","Proportion of medium and high-tech manufacturing value added in total value added","Chemicals and chemical products","Normal value","Units","Percentage (%)",4.9442841789694
"2014","Proportion of medium and high-tech manufacturing value added in total value added","Chemicals and chemical products","Normal value","Units","Percentage (%)",5.58585348724927
"2015","Proportion of medium and high-tech manufacturing value added in total value added","Chemicals and chemical products","Normal value","Units","Percentage (%)",6.97588287836866
"2016","Proportion of medium and high-tech manufacturing value added in total value added","Chemicals and chemical products","Normal value","Units","Percentage (%)",5.7638245754399
"2017","Proportion of medium and high-tech manufacturing value added in total value added","Chemicals and chemical products","Normal value","Units","Percentage (%)",5.40521516903818
"2018","Proportion of medium and high-tech manufacturing value added in total value added","Chemicals and chemical products","Normal value","Units","Percentage (%)",5.63902357986108
"2019","Proportion of medium and high-tech manufacturing value added in total value added","Chemicals and chemical products","Normal value","Units","Percentage (%)",6.36034787962749
"2020","Proportion of medium and high-tech manufacturing value added in total value added","Chemicals and chemical products","Normal value","Units","Percentage (%)",6.69352276105251
"2021","Proportion of medium and high-tech manufacturing value added in total value added","Chemicals and chemical products","Normal value","Units","Percentage (%)",6.33477606498836
"2022","Proportion of medium and high-tech manufacturing value added in total value added","Chemicals and chemical products","Normal value","Units","Percentage (%)",6.27050532895886
"1990","Proportion of medium and high-tech manufacturing value added in total value added","Computer, electronic and optical products","Normal value","Units","Percentage (%)",2.49024878558495
"1991","Proportion of medium and high-tech manufacturing value added in total value added","Computer, electronic and optical products","Normal value","Units","Percentage (%)",2.51961756254936
"1992","Proportion of medium and high-tech manufacturing value added in total value added","Computer, electronic and optical products","Normal value","Units","Percentage (%)",2.56345604303244
"1993","Proportion of medium and high-tech manufacturing value added in total value added","Computer, electronic and optical products","Normal value","Units","Percentage (%)",2.66345229810783
"1994","Proportion of medium and high-tech manufacturing value added in total value added","Computer, electronic and optical products","Normal value","Units","Percentage (%)",2.85226140192682
"1995","Proportion of medium and high-tech manufacturing value added in total value added","Computer, electronic and optical products","Normal value","Units","Percentage (%)",3.00744849939228
"1996","Proportion of medium and high-tech manufacturing value added in total value added","Computer, electronic and optical products","Normal value","Units","Percentage (%)",3.13435259726701
"1997","Proportion of medium and high-tech manufacturing value added in total value added","Computer, electronic and optical products","Normal value","Units","Percentage (%)",3.34600076454319
"1998","Proportion of medium and high-tech manufacturing value added in total value added","Computer, electronic and optical products","Normal value","Units","Percentage (%)",3.70030558946981
"1999","Proportion of medium and high-tech manufacturing value added in total value added","Computer, electronic and optical products","Normal value","Units","Percentage (%)",3.6728663546111
"2000","Proportion of medium and high-tech manufacturing value added in total value added","Computer, electronic and optical products","Normal value","Units","Percentage (%)",3.48859510472399
"2001","Proportion of medium and high-tech manufacturing value added in total value added","Computer, electronic and optical products","Normal value","Units","Percentage (%)",3.61816482318118
"2002","Proportion of medium and high-tech manufacturing value added in total value added","Computer, electronic and optical products","Normal value","Units","Percentage (%)",4.59028974749317
"2003","Proportion of medium and high-tech manufacturing value added in total value added","Computer, electronic and optical products","Normal value","Units","Percentage (%)",3.93147442523287
"2004","Proportion of medium and high-tech manufacturing value added in total value added","Computer, electronic and optical products","Normal value","Units","Percentage (%)",4.55419910462252
"2005","Proportion of medium and high-tech manufacturing value added in total value added","Computer, electronic and optical products","Normal value","Units","Percentage (%)",4.6241174842634
"2006","Proportion of medium and high-tech manufacturing value added in total value added","Computer, electronic and optical products","Normal value","Units","Percentage (%)",5.08087620039787
"2007","Proportion of medium and high-tech manufacturing value added in total value added","Computer, electronic and optical products","Normal value","Units","Percentage (%)",5.38323336742309
"2008","Proportion of medium and high-tech manufacturing value added in total value added","Computer, electronic and optical products","Normal value","Units","Percentage (%)",6.30389467910038
"2009","Proportion of medium and high-tech manufacturing value added in total value added","Computer, electronic and optical products","Normal value","Units","Percentage (%)",7.29744544233422
"2010","Proportion of medium and high-tech manufacturing value added in total value added","Computer, electronic and optical products","Normal value","Units","Percentage (%)",7.15760863114667
"2011","Proportion of medium and high-tech manufacturing value added in total value added","Computer, electronic and optical products","Normal value","Units","Percentage (%)",7.57123375726155
"2012","Proportion of medium and high-tech manufacturing value added in total value added","Computer, electronic and optical products","Normal value","Units","Percentage (%)",7.48722767044454
"2013","Proportion of medium and high-tech manufacturing value added in total value added","Computer, electronic and optical products","Normal value","Units","Percentage (%)",7.68312687369195
"2014","Proportion of medium and high-tech manufacturing value added in total value added","Computer, electronic and optical products","Normal value","Units","Percentage (%)",7.4232980731247
"2015","Proportion of medium and high-tech manufacturing value added in total value added","Computer, electronic and optical products","Normal value","Units","Percentage (%)",6.37404413847193
"2016","Proportion of medium and high-tech manufacturing value added in total value added","Computer, electronic and optical products","Normal value","Units","Percentage (%)",7.12943123469035
"2017","Proportion of medium and high-tech manufacturing value added in total value added","Computer, electronic and optical products","Normal value","Units","Percentage (%)",7.28780889264289
"2018","Proportion of medium and high-tech manufacturing value added in total value added","Computer, electronic and optical products","Normal value","Units","Percentage (%)",7.10822232143784
"2019","Proportion of medium and high-tech manufacturing value added in total value added","Computer, electronic and optical products","Normal value","Units","Percentage (%)",6.93706867800611
"2020","Proportion of medium and high-tech manufacturing value added in total value added","Computer, electronic and optical products","Normal value","Units","Percentage (%)",6.72888670213311
"2021","Proportion of medium and high-tech manufacturing value added in total value added","Computer, electronic and optical products","Normal value","Units","Percentage (%)",6.41563759079394
"2022","Proportion of medium and high-tech manufacturing value added in total value added","Computer, electronic and optical products","Normal value","Units","Percentage (%)",6.57869192987905
"1990","Proportion of medium and high-tech manufacturing value added in total value added","Electrical equipment","Normal value","Units","Percentage (%)",2.75745997814452
"1991","Proportion of medium and high-tech manufacturing value added in total value added","Electrical equipment","Normal value","Units","Percentage (%)",2.7397375363366
"1992","Proportion of medium and high-tech manufacturing value added in total value added","Electrical equipment","Normal value","Units","Percentage (%)",2.75088250126072
"1993","Proportion of medium and high-tech manufacturing value added in total value added","Electrical equipment","Normal value","Units","Percentage (%)",2.8249991715545
"1994","Proportion of medium and high-tech manufacturing value added in total value added","Electrical equipment","Normal value","Units","Percentage (%)",2.984354484046
"1995","Proportion of medium and high-tech manufacturing value added in total value added","Electrical equipment","Normal value","Units","Percentage (%)",3.10483996634151
"1996","Proportion of medium and high-tech manufacturing value added in total value added","Electrical equipment","Normal value","Units","Percentage (%)",3.19312654184937
"1997","Proportion of medium and high-tech manufacturing value added in total value added","Electrical equipment","Normal value","Units","Percentage (%)",3.19683988816682
"1998","Proportion of medium and high-tech manufacturing value added in total value added","Electrical equipment","Normal value","Units","Percentage (%)",3.14330917996547
"1999","Proportion of medium and high-tech manufacturing value added in total value added","Electrical equipment","Normal value","Units","Percentage (%)",3.04944561810475
"2000","Proportion of medium and high-tech manufacturing value added in total value added","Electrical equipment","Normal value","Units","Percentage (%)",3.11758053529268
"2001","Proportion of medium and high-tech manufacturing value added in total value added","Electrical equipment","Normal value","Units","Percentage (%)",3.60063872877395
"2002","Proportion of medium and high-tech manufacturing value added in total value added","Electrical equipment","Normal value","Units","Percentage (%)",3.75300378697332
"2003","Proportion of medium and high-tech manufacturing value added in total value added","Electrical equipment","Normal value","Units","Percentage (%)",3.85012935700699
"2004","Proportion of medium and high-tech manufacturing value added in total value added","Electrical equipment","Normal value","Units","Percentage (%)",3.15299927482815
"2005","Proportion of medium and high-tech manufacturing value added in total value added","Electrical equipment","Normal value","Units","Percentage (%)",3.10492442308938
"2006","Proportion of medium and high-tech manufacturing value added in total value added","Electrical equipment","Normal value","Units","Percentage (%)",3.06160333811738
"2007","Proportion of medium and high-tech manufacturing value added in total value added","Electrical equipment","Normal value","Units","Percentage (%)",3.10401061389204
"2008","Proportion of medium and high-tech manufacturing value added in total value added","Electrical equipment","Normal value","Units","Percentage (%)",3.23477783872737
"2009","Proportion of medium and high-tech manufacturing value added in total value added","Electrical equipment","Normal value","Units","Percentage (%)",2.88404199569924
"2010","Proportion of medium and high-tech manufacturing value added in total value added","Electrical equipment","Normal value","Units","Percentage (%)",2.52394573486997
"2011","Proportion of medium and high-tech manufacturing value added in total value added","Electrical equipment","Normal value","Units","Percentage (%)",2.79167843132543
"2012","Proportion of medium and high-tech manufacturing value added in total value added","Electrical equipment","Normal value","Units","Percentage (%)",3.05361442245581
"2013","Proportion of medium and high-tech manufacturing value added in total value added","Electrical equipment","Normal value","Units","Percentage (%)",2.80445726568245
"2014","Proportion of medium and high-tech manufacturing value added in total value added","Electrical equipment","Normal value","Units","Percentage (%)",2.63628582715182
"2015","Proportion of medium and high-tech manufacturing value added in total value added","Electrical equipment","Normal value","Units","Percentage (%)",2.38284568963639
"2016","Proportion of medium and high-tech manufacturing value added in total value added","Electrical equipment","Normal value","Units","Percentage (%)",2.38597567992635
"2017","Proportion of medium and high-tech manufacturing value added in total value added","Electrical equipment","Normal value","Units","Percentage (%)",2.44244471877504
"2018","Proportion of medium and high-tech manufacturing value added in total value added","Electrical equipment","Normal value","Units","Percentage (%)",2.38238622794904
"2019","Proportion of medium and high-tech manufacturing value added in total value added","Electrical equipment","Normal value","Units","Percentage (%)",2.5675363657354
"2020","Proportion of medium and high-tech manufacturing value added in total value added","Electrical equipment","Normal value","Units","Percentage (%)",3.22631897249813
"2021","Proportion of medium and high-tech manufacturing value added in total value added","Electrical equipment","Normal value","Units","Percentage (%)",3.29008254419339
"2022","Proportion of medium and high-tech manufacturing value added in total value added","Electrical equipment","Normal value","Units","Percentage (%)",3.03527401914154
"1990","Proportion of medium and high-tech manufacturing value added in total value added","Machinery and equipment n.e.c.","Normal value","Units","Percentage (%)",9.66985458925253
"1991","Proportion of medium and high-tech manufacturing value added in total value added","Machinery and equipment n.e.c.","Normal value","Units","Percentage (%)",9.12489708130997
"1992","Proportion of medium and high-tech manufacturing value added in total value added","Machinery and equipment n.e.c.","Normal value","Units","Percentage (%)",8.77290300890906
"1993","Proportion of medium and high-tech manufacturing value added in total value added","Machinery and equipment n.e.c.","Normal value","Units","Percentage (%)",8.64400039765384
"1994","Proportion of medium and high-tech manufacturing value added in total value added","Machinery and equipment n.e.c.","Normal value","Units","Percentage (%)",8.72288927910398
"1995","Proportion of medium and high-tech manufacturing value added in total value added","Machinery and equipment n.e.c.","Normal value","Units","Percentage (%)",8.64680400162059
"1996","Proportion of medium and high-tech manufacturing value added in total value added","Machinery and equipment n.e.c.","Normal value","Units","Percentage (%)",8.44720785096165
"1997","Proportion of medium and high-tech manufacturing value added in total value added","Machinery and equipment n.e.c.","Normal value","Units","Percentage (%)",8.50666726630838
"1998","Proportion of medium and high-tech manufacturing value added in total value added","Machinery and equipment n.e.c.","Normal value","Units","Percentage (%)",8.81802616654987
"1999","Proportion of medium and high-tech manufacturing value added in total value added","Machinery and equipment n.e.c.","Normal value","Units","Percentage (%)",8.70372671665079
"2000","Proportion of medium and high-tech manufacturing value added in total value added","Machinery and equipment n.e.c.","Normal value","Units","Percentage (%)",8.70396211815591
"2001","Proportion of medium and high-tech manufacturing value added in total value added","Machinery and equipment n.e.c.","Normal value","Units","Percentage (%)",8.75655605753752
"2002","Proportion of medium and high-tech manufacturing value added in total value added","Machinery and equipment n.e.c.","Normal value","Units","Percentage (%)",8.83207729954833
"2003","Proportion of medium and high-tech manufacturing value added in total value added","Machinery and equipment n.e.c.","Normal value","Units","Percentage (%)",9.13511232347203
"2004","Proportion of medium and high-tech manufacturing value added in total value added","Machinery and equipment n.e.c.","Normal value","Units","Percentage (%)",9.64658360152706
"2005","Proportion of medium and high-tech manufacturing value added in total value added","Machinery and equipment n.e.c.","Normal value","Units","Percentage (%)",9.58210414127318
"2006","Proportion of medium and high-tech manufacturing value added in total value added","Machinery and equipment n.e.c.","Normal value","Units","Percentage (%)",9.34495541973058
"2007","Proportion of medium and high-tech manufacturing value added in total value added","Machinery and equipment n.e.c.","Normal value","Units","Percentage (%)",10.0599795461456
"2008","Proportion of medium and high-tech manufacturing value added in total value added","Machinery and equipment n.e.c.","Normal value","Units","Percentage (%)",9.58859023587493
"2009","Proportion of medium and high-tech manufacturing value added in total value added","Machinery and equipment n.e.c.","Normal value","Units","Percentage (%)",7.8016106784245
"2010","Proportion of medium and high-tech manufacturing value added in total value added","Machinery and equipment n.e.c.","Normal value","Units","Percentage (%)",8.87920904893594
"2011","Proportion of medium and high-tech manufacturing value added in total value added","Machinery and equipment n.e.c.","Normal value","Units","Percentage (%)",9.87089914032885
"2012","Proportion of medium and high-tech manufacturing value added in total value added","Machinery and equipment n.e.c.","Normal value","Units","Percentage (%)",9.7040342944389
"2013","Proportion of medium and high-tech manufacturing value added in total value added","Machinery and equipment n.e.c.","Normal value","Units","Percentage (%)",9.49827478929804
"2014","Proportion of medium and high-tech manufacturing value added in total value added","Machinery and equipment n.e.c.","Normal value","Units","Percentage (%)",8.88271957161041
"2015","Proportion of medium and high-tech manufacturing value added in total value added","Machinery and equipment n.e.c.","Normal value","Units","Percentage (%)",8.18228361037886
"2016","Proportion of medium and high-tech manufacturing value added in total value added","Machinery and equipment n.e.c.","Normal value","Units","Percentage (%)",7.55960829227928
"2017","Proportion of medium and high-tech manufacturing value added in total value added","Machinery and equipment n.e.c.","Normal value","Units","Percentage (%)",7.96136270114569
"2018","Proportion of medium and high-tech manufacturing value added in total value added","Machinery and equipment n.e.c.","Normal value","Units","Percentage (%)",8.43621185534363
"2019","Proportion of medium and high-tech manufacturing value added in total value added","Machinery and equipment n.e.c.","Normal value","Units","Percentage (%)",7.59793735088124
"2020","Proportion of medium and high-tech manufacturing value added in total value added","Machinery and equipment n.e.c.","Normal value","Units","Percentage (%)",7.52175651157785
"2021","Proportion of medium and high-tech manufacturing value added in total value added","Machinery and equipment n.e.c.","Normal value","Units","Percentage (%)",8.78399222233648
"2022","Proportion of medium and high-tech manufacturing value added in total value added","Machinery and equipment n.e.c.","Normal value","Units","Percentage (%)",8.18417425404282
"1990","Proportion of medium and high-tech manufacturing value added in total value added","Motor vehicles, trailers and semi-trailers","Normal value","Units","Percentage (%)",7.1341400186649
"1991","Proportion of medium and high-tech manufacturing value added in total value added","Motor vehicles, trailers and semi-trailers","Normal value","Units","Percentage (%)",7.0110732108951
"1992","Proportion of medium and high-tech manufacturing value added in total value added","Motor vehicles, trailers and semi-trailers","Normal value","Units","Percentage (%)",6.88687174315011
"1993","Proportion of medium and high-tech manufacturing value added in total value added","Motor vehicles, trailers and semi-trailers","Normal value","Units","Percentage (%)",6.67892766013852
"1994","Proportion of medium and high-tech manufacturing value added in total value added","Motor vehicles, trailers and semi-trailers","Normal value","Units","Percentage (%)",6.5579864901207
"1995","Proportion of medium and high-tech manufacturing value added in total value added","Motor vehicles, trailers and semi-trailers","Normal value","Units","Percentage (%)",6.45900208807305
"1996","Proportion of medium and high-tech manufacturing value added in total value added","Motor vehicles, trailers and semi-trailers","Normal value","Units","Percentage (%)",6.8278310094425
"1997","Proportion of medium and high-tech manufacturing value added in total value added","Motor vehicles, trailers and semi-trailers","Normal value","Units","Percentage (%)",6.81867584118489
"1998","Proportion of medium and high-tech manufacturing value added in total value added","Motor vehicles, trailers and semi-trailers","Normal value","Units","Percentage (%)",6.29312026354383
"1999","Proportion of medium and high-tech manufacturing value added in total value added","Motor vehicles, trailers and semi-trailers","Normal value","Units","Percentage (%)",5.5106803087417
"2000","Proportion of medium and high-tech manufacturing value added in total value added","Motor vehicles, trailers and semi-trailers","Normal value","Units","Percentage (%)",6.02617603682369
"2001","Proportion of medium and high-tech manufacturing value added in total value added","Motor vehicles, trailers and semi-trailers","Normal value","Units","Percentage (%)",6.71768707482993
"2002","Proportion of medium and high-tech manufacturing value added in total value added","Motor vehicles, trailers and semi-trailers","Normal value","Units","Percentage (%)",5.9119560157518
"2003","Proportion of medium and high-tech manufacturing value added in total value added","Motor vehicles, trailers and semi-trailers","Normal value","Units","Percentage (%)",5.88008636032807
"2004","Proportion of medium and high-tech manufacturing value added in total value added","Motor vehicles, trailers and semi-trailers","Normal value","Units","Percentage (%)",5.91284752812288
"2005","Proportion of medium and high-tech manufacturing value added in total value added","Motor vehicles, trailers and semi-trailers","Normal value","Units","Percentage (%)",6.10739163972749
"2006","Proportion of medium and high-tech manufacturing value added in total value added","Motor vehicles, trailers and semi-trailers","Normal value","Units","Percentage (%)",6.37201389773968
"2007","Proportion of medium and high-tech manufacturing value added in total value added","Motor vehicles, trailers and semi-trailers","Normal value","Units","Percentage (%)",6.84596036374692
"2008","Proportion of medium and high-tech manufacturing value added in total value added","Motor vehicles, trailers and semi-trailers","Normal value","Units","Percentage (%)",9.03346132748217
"2009","Proportion of medium and high-tech manufacturing value added in total value added","Motor vehicles, trailers and semi-trailers","Normal value","Units","Percentage (%)",7.38358119951571
"2010","Proportion of medium and high-tech manufacturing value added in total value added","Motor vehicles, trailers and semi-trailers","Normal value","Units","Percentage (%)",7.82464719357174
"2011","Proportion of medium and high-tech manufacturing value added in total value added","Motor vehicles, trailers and semi-trailers","Normal value","Units","Percentage (%)",8.74629788716741
"2012","Proportion of medium and high-tech manufacturing value added in total value added","Motor vehicles, trailers and semi-trailers","Normal value","Units","Percentage (%)",8.22244406600505
"2013","Proportion of medium and high-tech manufacturing value added in total value added","Motor vehicles, trailers and semi-trailers","Normal value","Units","Percentage (%)",9.41173143277335
"2014","Proportion of medium and high-tech manufacturing value added in total value added","Motor vehicles, trailers and semi-trailers","Normal value","Units","Percentage (%)",10.7152262651977
"2015","Proportion of medium and high-tech manufacturing value added in total value added","Motor vehicles, trailers and semi-trailers","Normal value","Units","Percentage (%)",11.0591272521296
"2016","Proportion of medium and high-tech manufacturing value added in total value added","Motor vehicles, trailers and semi-trailers","Normal value","Units","Percentage (%)",10.2376659743647
"2017","Proportion of medium and high-tech manufacturing value added in total value added","Motor vehicles, trailers and semi-trailers","Normal value","Units","Percentage (%)",10.3431659194767
"2018","Proportion of medium and high-tech manufacturing value added in total value added","Motor vehicles, trailers and semi-trailers","Normal value","Units","Percentage (%)",9.45945945945946
"2019","Proportion of medium and high-tech manufacturing value added in total value added","Motor vehicles, trailers and semi-trailers","Normal value","Units","Percentage (%)",8.36809564124272
"2020","Proportion of medium and high-tech manufacturing value added in total value added","Motor vehicles, trailers and semi-trailers","Normal value","Units","Percentage (%)",6.6499584858083
"2021","Proportion of medium and high-tech manufacturing value added in total value added","Motor vehicles, trailers and semi-trailers","Normal value","Units","Percentage (%)",6.24830564721939
"2022","Proportion of medium and high-tech manufacturing value added in total value added","Motor vehicles, trailers and semi-trailers","Normal value","Units","Percentage (%)",5.7395507755625
"1990","Proportion of medium and high-tech manufacturing value added in total value added","Other","Normal value","Units","Percentage (%)",0.0717880815831665
"1991","Proportion of medium and high-tech manufacturing value added in total value added","Other","Normal value","Units","Percentage (%)",0.0705728160233899
"1992","Proportion of medium and high-tech manufacturing value added in total value added","Other","Normal value","Units","Percentage (%)",0.0680786686838124
"1993","Proportion of medium and high-tech manufacturing value added in total value added","Other","Normal value","Units","Percentage (%)",0.0662756403883753
"1994","Proportion of medium and high-tech manufacturing value added in total value added","Other","Normal value","Units","Percentage (%)",0.0656510527897743
"1995","Proportion of medium and high-tech manufacturing value added in total value added","Other","Normal value","Units","Percentage (%)",0.0646679340542899
"1996","Proportion of medium and high-tech manufacturing value added in total value added","Other","Normal value","Units","Percentage (%)",0.0688273824714444
"1997","Proportion of medium and high-tech manufacturing value added in total value added","Other","Normal value","Units","Percentage (%)",0.0607137235501788
"1998","Proportion of medium and high-tech manufacturing value added in total value added","Other","Normal value","Units","Percentage (%)",0.0476806264945348
"1999","Proportion of medium and high-tech manufacturing value added in total value added","Other","Normal value","Units","Percentage (%)",0.106319815528216
"2000","Proportion of medium and high-tech manufacturing value added in total value added","Other","Normal value","Units","Percentage (%)",0.129623628535716
"2001","Proportion of medium and high-tech manufacturing value added in total value added","Other","Normal value","Units","Percentage (%)",0.139559640650153
"2002","Proportion of medium and high-tech manufacturing value added in total value added","Other","Normal value","Units","Percentage (%)",0.142797830982726
"2003","Proportion of medium and high-tech manufacturing value added in total value added","Other","Normal value","Units","Percentage (%)",0.176757328701353
"2004","Proportion of medium and high-tech manufacturing value added in total value added","Other","Normal value","Units","Percentage (%)",0.213955662633273
"2005","Proportion of medium and high-tech manufacturing value added in total value added","Other","Normal value","Units","Percentage (%)",0.227290124656268
"2006","Proportion of medium and high-tech manufacturing value added in total value added","Other","Normal value","Units","Percentage (%)",0.238832767190695
"2007","Proportion of medium and high-tech manufacturing value added in total value added","Other","Normal value","Units","Percentage (%)",0.207302578844081
"2008","Proportion of medium and high-tech manufacturing value added in total value added","Other","Normal value","Units","Percentage (%)",0.304991771804718
"2009","Proportion of medium and high-tech manufacturing value added in total value added","Other","Normal value","Units","Percentage (%)",0.172873862315305
"2010","Proportion of medium and high-tech manufacturing value added in total value added","Other","Normal value","Units","Percentage (%)",0.271800410667869
"2011","Proportion of medium and high-tech manufacturing value added in total value added","Other","Normal value","Units","Percentage (%)",0.413915739010807
"2012","Proportion of medium and high-tech manufacturing value added in total value added","Other","Normal value","Units","Percentage (%)",0.423982617887134
"2013","Proportion of medium and high-tech manufacturing value added in total value added","Other","Normal value","Units","Percentage (%)",0.467220996662707
"2014","Proportion of medium and high-tech manufacturing value added in total value added","Other","Normal value","Units","Percentage (%)",0.355528244743888
"2015","Proportion of medium and high-tech manufacturing value added in total value added","Other","Normal value","Units","Percentage (%)",0.431907801572951
"2016","Proportion of medium and high-tech manufacturing value added in total value added","Other","Normal value","Units","Percentage (%)",0.358389548615487
"2017","Proportion of medium and high-tech manufacturing value added in total value added","Other","Normal value","Units","Percentage (%)",0.364931886600394
"2018","Proportion of medium and high-tech manufacturing value added in total value added","Other","Normal value","Units","Percentage (%)",0.383652957606089
"2019","Proportion of medium and high-tech manufacturing value added in total value added","Other","Normal value","Units","Percentage (%)",0.413556017342672
"2020","Proportion of medium and high-tech manufacturing value added in total value added","Other","Normal value","Units","Percentage (%)",0.559160285781646
"2021","Proportion of medium and high-tech manufacturing value added in total value added","Other","Normal value","Units","Percentage (%)",0.567900311293504
"2022","Proportion of medium and high-tech manufacturing value added in total value added","Other","Normal value","Units","Percentage (%)",0.52901322047718
"1990","Proportion of medium and high-tech manufacturing value added in total value added","Weapons and ammunition","Normal value","Units","Percentage (%)",0.651676251704967
"1991","Proportion of medium and high-tech manufacturing value added in total value added","Weapons and ammunition","Normal value","Units","Percentage (%)",0.626753818493438
"1992","Proportion of medium and high-tech manufacturing value added in total value added","Weapons and ammunition","Normal value","Units","Percentage (%)",0.598419902504623
"1993","Proportion of medium and high-tech manufacturing value added in total value added","Weapons and ammunition","Normal value","Units","Percentage (%)",0.584054080922557
"1994","Proportion of medium and high-tech manufacturing value added in total value added","Weapons and ammunition","Normal value","Units","Percentage (%)",0.572667014696344
"1995","Proportion of medium and high-tech manufacturing value added in total value added","Weapons and ammunition","Normal value","Units","Percentage (%)",0.579674011281827
"1996","Proportion of medium and high-tech manufacturing value added in total value added","Weapons and ammunition","Normal value","Units","Percentage (%)",0.575365983806232
"1997","Proportion of medium and high-tech manufacturing value added in total value added","Weapons and ammunition","Normal value","Units","Percentage (%)",0.585400223366539
"1998","Proportion of medium and high-tech manufacturing value added in total value added","Weapons and ammunition","Normal value","Units","Percentage (%)",0.598897566120748
"1999","Proportion of medium and high-tech manufacturing value added in total value added","Weapons and ammunition","Normal value","Units","Percentage (%)",0.611684133493503
"2000","Proportion of medium and high-tech manufacturing value added in total value added","Weapons and ammunition","Normal value","Units","Percentage (%)",0.578015568062325
"2001","Proportion of medium and high-tech manufacturing value added in total value added","Weapons and ammunition","Normal value","Units","Percentage (%)",0.425170068027211
"2002","Proportion of medium and high-tech manufacturing value added in total value added","Weapons and ammunition","Normal value","Units","Percentage (%)",0.408263402236956
"2003","Proportion of medium and high-tech manufacturing value added in total value added","Weapons and ammunition","Normal value","Units","Percentage (%)",0.464217344236427
"2004","Proportion of medium and high-tech manufacturing value added in total value added","Weapons and ammunition","Normal value","Units","Percentage (%)",0.622688889288433
"2005","Proportion of medium and high-tech manufacturing value added in total value added","Weapons and ammunition","Normal value","Units","Percentage (%)",0.70306841668286
"2006","Proportion of medium and high-tech manufacturing value added in total value added","Weapons and ammunition","Normal value","Units","Percentage (%)",0.775790891106666
"2007","Proportion of medium and high-tech manufacturing value added in total value added","Weapons and ammunition","Normal value","Units","Percentage (%)",0.619696509024572
"2008","Proportion of medium and high-tech manufacturing value added in total value added","Weapons and ammunition","Normal value","Units","Percentage (%)",0.67855183763028
"2009","Proportion of medium and high-tech manufacturing value added in total value added","Weapons and ammunition","Normal value","Units","Percentage (%)",0.668606227073131
"2010","Proportion of medium and high-tech manufacturing value added in total value added","Weapons and ammunition","Normal value","Units","Percentage (%)",0.730537785004688
"2011","Proportion of medium and high-tech manufacturing value added in total value added","Weapons and ammunition","Normal value","Units","Percentage (%)",0.711887011215975
"2012","Proportion of medium and high-tech manufacturing value added in total value added","Weapons and ammunition","Normal value","Units","Percentage (%)",0.890246050854425
"2013","Proportion of medium and high-tech manufacturing value added in total value added","Weapons and ammunition","Normal value","Units","Percentage (%)",0.757395780304316
"2014","Proportion of medium and high-tech manufacturing value added in total value added","Weapons and ammunition","Normal value","Units","Percentage (%)",0.703923978404951
"2015","Proportion of medium and high-tech manufacturing value added in total value added","Weapons and ammunition","Normal value","Units","Percentage (%)",0.643776824034335
"2016","Proportion of medium and high-tech manufacturing value added in total value added","Weapons and ammunition","Normal value","Units","Percentage (%)",0.627455708202956
"2017","Proportion of medium and high-tech manufacturing value added in total value added","Weapons and ammunition","Normal value","Units","Percentage (%)",0.611287982154073
"2018","Proportion of medium and high-tech manufacturing value added in total value added","Weapons and ammunition","Normal value","Units","Percentage (%)",0.657764948967408
"2019","Proportion of medium and high-tech manufacturing value added in total value added","Weapons and ammunition","Normal value","Units","Percentage (%)",0.68293183509069
"2020","Proportion of medium and high-tech manufacturing value added in total value added","Weapons and ammunition","Normal value","Units","Percentage (%)",0.553010035158933
"2021","Proportion of medium and high-tech manufacturing value added in total value added","Weapons and ammunition","Normal value","Units","Percentage (%)",0.541725482131005
"2022","Proportion of medium and high-tech manufacturing value added in total value added","Weapons and ammunition","Normal value","Units","Percentage (%)",0.477082564889053
